chromosomes,positions,value
1,0,68.0
1,1,818.0
1,2,1172.0
1,3,1026.0
1,4,1232.0
1,5,1309.0
1,6,1190.0
1,7,934.0
1,8,1012.0
1,9,1348.0
1,10,1027.0
1,11,1339.0
1,12,1177.0
1,13,1156.0
1,14,1058.0
1,15,1187.0
1,16,1159.0
1,17,893.0
1,18,1326.0
1,19,1206.0
1,20,1105.0
1,21,1121.0
1,22,1332.0
1,23,1302.0
1,24,1160.0
1,25,1084.0
1,26,150.0
1,27,521.0
1,28,1015.0
1,29,1251.0
1,30,1299.0
1,31,1196.0
1,32,1120.0
1,33,1854.0
1,34,1365.0
1,35,1186.0
1,36,1438.0
1,37,1241.0
1,38,1192.0
1,39,1287.0
1,40,1348.0
1,41,1434.0
1,42,1067.0
1,43,1260.0
1,44,989.0
1,45,1166.0
1,46,1273.0
1,47,1119.0
1,48,1036.0
1,49,1241.0
1,50,1203.0
1,51,1197.0
1,52,1258.0
1,53,1165.0
1,54,1178.0
1,55,1362.0
1,56,1117.0
1,57,1084.0
1,58,1140.0
1,59,1030.0
1,60,1121.0
1,61,1309.0
1,62,1207.0
1,63,1177.0
1,64,1294.0
1,65,1097.0
1,66,1162.0
1,67,1294.0
1,68,1187.0
1,69,1031.0
1,70,1118.0
1,71,1024.0
1,72,1095.0
1,73,1163.0
1,74,1293.0
1,75,1179.0
1,76,1332.0
1,77,1235.0
1,78,1103.0
1,79,1482.0
1,80,1763.0
1,81,1511.0
1,82,1854.0
1,83,1754.0
1,84,1805.0
1,85,1588.0
1,86,1792.0
1,87,1813.0
1,88,1783.0
1,89,1667.0
1,90,1834.0
1,91,1561.0
1,92,1482.0
1,93,1665.0
1,94,1706.0
1,95,1487.0
1,96,1965.0
1,97,1392.0
1,98,1674.0
1,99,1334.0
1,100,1252.0
1,101,1668.0
1,102,1257.0
1,103,1494.0
1,104,1522.0
1,105,1537.0
1,106,1799.0
1,107,2011.0
1,108,1771.0
1,109,1824.0
1,110,1789.0
1,111,1720.0
1,112,1537.0
1,113,1552.0
1,114,1438.0
1,115,1543.0
1,116,1601.0
1,117,1592.0
1,118,1713.0
1,119,1578.0
1,120,1635.0
1,121,1394.0
1,122,1513.0
1,123,1373.0
1,124,1535.0
1,125,1597.0
1,126,1350.0
1,127,1321.0
1,128,1607.0
1,129,1593.0
1,130,1621.0
1,131,1613.0
1,132,1222.0
1,133,1342.0
1,134,1304.0
1,135,1483.0
1,136,1500.0
1,137,1368.0
1,138,1299.0
1,139,1409.0
1,140,1007.0
1,141,1323.0
1,142,1339.0
1,143,1131.0
1,144,1184.0
1,145,941.0
1,146,1103.0
1,147,1022.0
1,148,1120.0
1,149,1064.0
1,150,1365.0
1,151,1196.0
1,152,1246.0
1,153,1454.0
1,154,1464.0
1,155,1399.0
1,156,1378.0
1,157,1345.0
1,158,1162.0
1,159,1127.0
1,160,1066.0
1,161,1107.0
1,162,1035.0
1,163,1176.0
1,164,1279.0
1,165,1262.0
1,166,1221.0
1,167,1175.0
1,168,1389.0
1,169,1178.0
1,170,1529.0
1,171,1528.0
1,172,1266.0
1,173,1217.0
1,174,1335.0
1,175,1607.0
1,176,1356.0
1,177,1265.0
1,178,1364.0
1,179,1432.0
1,180,1571.0
1,181,1410.0
1,182,1326.0
1,183,1351.0
1,184,1551.0
1,185,1249.0
1,186,1440.0
1,187,1353.0
1,188,1535.0
1,189,1519.0
1,190,1551.0
1,191,1368.0
1,192,1321.0
1,193,1387.0
1,194,1319.0
1,195,1140.0
1,196,1001.0
1,197,1228.0
1,198,1167.0
1,199,1318.0
1,200,1216.0
1,201,1327.0
1,202,1311.0
1,203,1548.0
1,204,1082.0
1,205,1016.0
1,206,982.0
1,207,595.0
1,208,797.0
1,209,1073.0
1,210,1013.0
1,211,937.0
1,212,1041.0
1,213,1033.0
1,214,1216.0
1,215,1311.0
1,216,1359.0
1,217,890.0
1,218,1393.0
1,219,1499.0
1,220,1210.0
1,221,1225.0
1,222,1046.0
1,223,1039.0
1,224,1193.0
1,225,1082.0
1,226,948.0
1,227,1053.0
1,228,889.0
1,229,1127.0
1,230,1004.0
1,231,1092.0
1,232,1064.0
1,233,1126.0
1,234,1169.0
1,235,1045.0
1,236,971.0
1,237,913.0
1,238,964.0
1,239,1085.0
1,240,1201.0
1,241,651.0
1,242,577.0
1,243,0.0
1,244,0.0
1,245,0.0
1,246,0.0
1,247,0.0
1,248,0.0
1,249,0.0
1,250,0.0
1,251,0.0
1,252,0.0
1,253,0.0
1,254,0.0
1,255,0.0
1,256,0.0
1,257,0.0
1,258,0.0
1,259,0.0
1,260,0.0
1,261,0.0
1,262,0.0
1,263,0.0
1,264,0.0
1,265,0.0
1,266,0.0
1,267,0.0
1,268,0.0
1,269,0.0
1,270,0.0
1,271,0.0
1,272,0.0
1,273,0.0
1,274,0.0
1,275,0.0
1,276,0.0
1,277,0.0
1,278,0.0
1,279,0.0
1,280,0.0
1,281,0.0
1,282,0.0
1,283,0.0
1,284,0.0
1,285,1068.0
1,286,774.0
1,287,397.0
1,288,274.0
1,289,1029.0
1,290,1722.0
1,291,550.0
1,292,168.0
1,293,1052.0
1,294,933.0
1,295,305.0
1,296,150.0
1,297,742.0
1,298,975.0
1,299,679.0
1,300,1007.0
1,301,1018.0
1,302,1128.0
1,303,1254.0
1,304,974.0
1,305,1069.0
1,306,1117.0
1,307,1242.0
1,308,1159.0
1,309,1193.0
1,310,1111.0
1,311,1097.0
1,312,1214.0
1,313,1174.0
1,314,1217.0
1,315,1019.0
1,316,911.0
1,317,780.0
1,318,864.0
1,319,1075.0
1,320,1197.0
1,321,1072.0
1,322,1107.0
1,323,956.0
1,324,1113.0
1,325,1104.0
1,326,799.0
1,327,856.0
1,328,846.0
1,329,1026.0
1,330,1206.0
1,331,1033.0
1,332,1003.0
1,333,1005.0
1,334,1126.0
1,335,1048.0
1,336,1036.0
1,337,1028.0
1,338,919.0
1,339,840.0
1,340,921.0
1,341,933.0
1,342,829.0
1,343,926.0
1,344,1000.0
1,345,938.0
1,346,1091.0
1,347,973.0
1,348,853.0
1,349,908.0
1,350,1278.0
1,351,1107.0
1,352,846.0
1,353,1047.0
1,354,1152.0
1,355,1067.0
1,356,927.0
1,357,961.0
1,358,914.0
1,359,1026.0
1,360,920.0
1,361,1034.0
1,362,1061.0
1,363,1085.0
1,364,1120.0
1,365,986.0
1,366,1084.0
1,367,1052.0
1,368,969.0
1,369,1060.0
1,370,971.0
1,371,796.0
1,372,737.0
1,373,850.0
1,374,753.0
1,375,837.0
1,376,699.0
1,377,643.0
1,378,673.0
1,379,611.0
1,380,642.0
1,381,652.0
1,382,649.0
1,383,737.0
1,384,725.0
1,385,863.0
1,386,853.0
1,387,857.0
1,388,752.0
1,389,638.0
1,390,705.0
1,391,734.0
1,392,794.0
1,393,637.0
1,394,840.0
1,395,718.0
1,396,846.0
1,397,771.0
1,398,761.0
1,399,1039.0
1,400,1043.0
1,401,1000.0
1,402,1219.0
1,403,1396.0
1,404,1065.0
1,405,1080.0
1,406,1190.0
1,407,1122.0
1,408,1285.0
1,409,1305.0
1,410,1407.0
1,411,971.0
1,412,505.0
1,413,1190.0
1,414,1132.0
1,415,859.0
1,416,1267.0
1,417,1041.0
1,418,1025.0
1,419,1241.0
1,420,991.0
1,421,1319.0
1,422,962.0
1,423,1021.0
1,424,1004.0
1,425,1090.0
1,426,981.0
1,427,1177.0
1,428,1010.0
1,429,940.0
1,430,865.0
1,431,931.0
1,432,786.0
1,433,861.0
1,434,1018.0
1,435,763.0
1,436,846.0
1,437,1000.0
1,438,868.0
1,439,986.0
1,440,909.0
1,441,1041.0
1,442,1129.0
1,443,1484.0
1,444,1463.0
1,445,1532.0
1,446,1703.0
1,447,1505.0
1,448,1486.0
1,449,1549.0
1,450,1257.0
1,451,1054.0
1,452,1109.0
1,453,1255.0
1,454,930.0
1,455,1158.0
1,456,1251.0
1,457,1070.0
1,458,1256.0
1,459,1128.0
1,460,1227.0
1,461,1182.0
1,462,1187.0
1,463,1063.0
1,464,1107.0
1,465,1067.0
1,466,1102.0
1,467,1513.0
1,468,1748.0
1,469,1709.0
1,470,1314.0
1,471,1466.0
1,472,1652.0
1,473,1491.0
1,474,1511.0
1,475,1279.0
1,476,1455.0
1,477,1214.0
1,478,1174.0
1,479,1318.0
1,480,1527.0
1,481,1534.0
1,482,1469.0
1,483,1433.0
1,484,1572.0
1,485,1417.0
1,486,1410.0
1,487,1334.0
1,488,1573.0
1,489,1592.0
1,490,1821.0
1,491,1754.0
1,492,1670.0
1,493,1552.0
1,494,1331.0
1,495,1276.0
1,496,1264.0
1,497,955.0
1,498,512.0
10,0,877.0
10,1,1113.0
10,2,1147.0
10,3,1104.0
10,4,958.0
10,5,1126.0
10,6,1198.0
10,7,989.0
10,8,932.0
10,9,847.0
10,10,926.0
10,11,1051.0
10,12,1114.0
10,13,1074.0
10,14,1140.0
10,15,1081.0
10,16,1217.0
10,17,951.0
10,18,857.0
10,19,801.0
10,20,939.0
10,21,1085.0
10,22,1399.0
10,23,1011.0
10,24,975.0
10,25,1263.0
10,26,1127.0
10,27,1087.0
10,28,1179.0
10,29,1101.0
10,30,993.0
10,31,1001.0
10,32,1076.0
10,33,1030.0
10,34,970.0
10,35,655.0
10,36,538.0
10,37,1042.0
10,38,907.0
10,39,835.0
10,40,838.0
10,41,987.0
10,42,994.0
10,43,1016.0
10,44,898.0
10,45,986.0
10,46,902.0
10,47,910.0
10,48,1106.0
10,49,1147.0
10,50,1092.0
10,51,984.0
10,52,903.0
10,53,732.0
10,54,489.0
10,55,404.0
10,56,486.0
10,57,532.0
10,58,541.0
10,59,974.0
10,60,1141.0
10,61,1045.0
10,62,1128.0
10,63,892.0
10,64,960.0
10,65,982.0
10,66,967.0
10,67,987.0
10,68,1133.0
10,69,980.0
10,70,1216.0
10,71,1123.0
10,72,947.0
10,73,915.0
10,74,867.0
10,75,932.0
10,76,944.0
10,77,731.0
10,78,279.0
10,79,0.0
10,80,0.0
10,81,0.0
10,82,0.0
10,83,0.0
10,84,165.0
10,85,1144.0
10,86,1073.0
10,87,1116.0
10,88,1107.0
10,89,1072.0
10,90,1012.0
10,91,1033.0
10,92,502.0
10,93,301.0
10,94,850.0
10,95,452.0
10,96,525.0
10,97,506.0
10,98,393.0
10,99,1188.0
10,100,1113.0
10,101,1149.0
10,102,301.0
10,103,444.0
10,104,929.0
10,105,818.0
10,106,856.0
10,107,710.0
10,108,776.0
10,109,879.0
10,110,899.0
10,111,671.0
10,112,711.0
10,113,713.0
10,114,572.0
10,115,711.0
10,116,721.0
10,117,778.0
10,118,710.0
10,119,841.0
10,120,844.0
10,121,923.0
10,122,1132.0
10,123,1000.0
10,124,935.0
10,125,854.0
10,126,899.0
10,127,965.0
10,128,1006.0
10,129,958.0
10,130,845.0
10,131,1062.0
10,132,778.0
10,133,680.0
10,134,697.0
10,135,751.0
10,136,890.0
10,137,744.0
10,138,856.0
10,139,912.0
10,140,1075.0
10,141,1020.0
10,142,1371.0
10,143,1081.0
10,144,1297.0
10,145,1363.0
10,146,1404.0
10,147,1108.0
10,148,986.0
10,149,957.0
10,150,1007.0
10,151,1167.0
10,152,765.0
10,153,1129.0
10,154,1117.0
10,155,1073.0
10,156,982.0
10,157,990.0
10,158,1310.0
10,159,1201.0
10,160,1335.0
10,161,1245.0
10,162,1124.0
10,163,1007.0
10,164,1189.0
10,165,846.0
10,166,707.0
10,167,911.0
10,168,853.0
10,169,872.0
10,170,788.0
10,171,1120.0
10,172,1050.0
10,173,889.0
10,174,975.0
10,175,1161.0
10,176,1213.0
10,177,1053.0
10,178,867.0
10,179,783.0
10,180,839.0
10,181,930.0
10,182,945.0
10,183,958.0
10,184,875.0
10,185,1040.0
10,186,988.0
10,187,882.0
10,188,941.0
10,189,1048.0
10,190,1001.0
10,191,1057.0
10,192,970.0
10,193,635.0
10,194,586.0
10,195,572.0
10,196,577.0
10,197,574.0
10,198,633.0
10,199,610.0
10,200,587.0
10,201,437.0
10,202,557.0
10,203,515.0
10,204,565.0
10,205,650.0
10,206,476.0
10,207,646.0
10,208,587.0
10,209,502.0
10,210,634.0
10,211,553.0
10,212,631.0
10,213,563.0
10,214,350.0
10,215,415.0
10,216,471.0
10,217,493.0
10,218,415.0
10,219,381.0
10,220,407.0
10,221,435.0
10,222,522.0
10,223,469.0
10,224,611.0
10,225,533.0
10,226,513.0
10,227,642.0
10,228,500.0
10,229,618.0
10,230,578.0
10,231,472.0
10,232,591.0
10,233,465.0
10,234,386.0
10,235,556.0
10,236,499.0
10,237,583.0
10,238,643.0
10,239,500.0
10,240,610.0
10,241,599.0
10,242,592.0
10,243,502.0
10,244,496.0
10,245,517.0
10,246,620.0
10,247,560.0
10,248,588.0
10,249,497.0
10,250,595.0
10,251,530.0
10,252,500.0
10,253,590.0
10,254,547.0
10,255,638.0
10,256,490.0
10,257,491.0
10,258,1137.0
10,259,1090.0
10,260,1059.0
10,261,1059.0
10,262,989.0
10,263,1119.0
10,264,1079.0
10,265,1143.0
10,266,982.0
10,267,1109.0
10,268,953.0
10,269,542.0
10,270,523.0
10,271,20.0
11,0,388.0
11,1,557.0
11,2,571.0
11,3,655.0
11,4,634.0
11,5,627.0
11,6,543.0
11,7,515.0
11,8,569.0
11,9,497.0
11,10,437.0
11,11,496.0
11,12,519.0
11,13,463.0
11,14,441.0
11,15,554.0
11,16,628.0
11,17,590.0
11,18,511.0
11,19,527.0
11,20,522.0
11,21,622.0
11,22,665.0
11,23,506.0
11,24,605.0
11,25,590.0
11,26,597.0
11,27,607.0
11,28,542.0
11,29,450.0
11,30,512.0
11,31,599.0
11,32,359.0
11,33,471.0
11,34,535.0
11,35,620.0
11,36,491.0
11,37,636.0
11,38,584.0
11,39,598.0
11,40,521.0
11,41,872.0
11,42,859.0
11,43,853.0
11,44,815.0
11,45,834.0
11,46,817.0
11,47,787.0
11,48,822.0
11,49,742.0
11,50,679.0
11,51,682.0
11,52,781.0
11,53,866.0
11,54,1024.0
11,55,1063.0
11,56,794.0
11,57,818.0
11,58,841.0
11,59,773.0
11,60,978.0
11,61,998.0
11,62,816.0
11,63,943.0
11,64,1168.0
11,65,920.0
11,66,849.0
11,67,1078.0
11,68,1104.0
11,69,1180.0
11,70,1173.0
11,71,1014.0
11,72,1248.0
11,73,1011.0
11,74,863.0
11,75,706.0
11,76,728.0
11,77,678.0
11,78,746.0
11,79,840.0
11,80,887.0
11,81,789.0
11,82,876.0
11,83,830.0
11,84,818.0
11,85,976.0
11,86,952.0
11,87,969.0
11,88,1318.0
11,89,1203.0
11,90,1208.0
11,91,1270.0
11,92,1128.0
11,93,1122.0
11,94,1257.0
11,95,1138.0
11,96,1012.0
11,97,428.0
11,98,806.0
11,99,703.0
11,100,653.0
11,101,81.0
11,102,284.0
11,103,108.0
11,104,0.0
11,105,0.0
11,106,0.0
11,107,0.0
11,108,0.0
11,109,62.0
11,110,741.0
11,111,726.0
11,112,850.0
11,113,1001.0
11,114,1171.0
11,115,1128.0
11,116,890.0
11,117,950.0
11,118,951.0
11,119,954.0
11,120,936.0
11,121,1181.0
11,122,1226.0
11,123,1050.0
11,124,1114.0
11,125,1078.0
11,126,1034.0
11,127,1186.0
11,128,1202.0
11,129,1276.0
11,130,1173.0
11,131,1171.0
11,132,1252.0
11,133,1062.0
11,134,1166.0
11,135,1057.0
11,136,1168.0
11,137,1273.0
11,138,1140.0
11,139,1121.0
11,140,1460.0
11,141,1392.0
11,142,1205.0
11,143,1241.0
11,144,1201.0
11,145,982.0
11,146,1112.0
11,147,1054.0
11,148,979.0
11,149,1148.0
11,150,1293.0
11,151,1086.0
11,152,1092.0
11,153,1130.0
11,154,1413.0
11,155,2221.0
11,156,2154.0
11,157,2227.0
11,158,2141.0
11,159,2039.0
11,160,1728.0
11,161,1606.0
11,162,1552.0
11,163,1566.0
11,164,1847.0
11,165,1625.0
11,166,1561.0
11,167,1317.0
11,168,1285.0
11,169,1302.0
11,170,1355.0
11,171,1441.0
11,172,1560.0
11,173,1274.0
11,174,1350.0
11,175,1196.0
11,176,1347.0
11,177,1052.0
11,178,1097.0
11,179,788.0
11,180,1144.0
11,181,1033.0
11,182,1046.0
11,183,1257.0
11,184,1457.0
11,185,1587.0
11,186,1516.0
11,187,1632.0
11,188,1584.0
11,189,1580.0
11,190,1405.0
11,191,1450.0
11,192,991.0
11,193,1239.0
11,194,1209.0
11,195,1113.0
11,196,1072.0
11,197,1042.0
11,198,975.0
11,199,1141.0
11,200,1459.0
11,201,1318.0
11,202,1321.0
11,203,1392.0
11,204,1503.0
11,205,1384.0
11,206,1129.0
11,207,1346.0
11,208,1110.0
11,209,1164.0
11,210,1116.0
11,211,1225.0
11,212,1336.0
11,213,1221.0
11,214,1391.0
11,215,1571.0
11,216,1260.0
11,217,1339.0
11,218,1411.0
11,219,1319.0
11,220,1516.0
11,221,1455.0
11,222,1534.0
11,223,1532.0
11,224,1612.0
11,225,1714.0
11,226,1901.0
11,227,1720.0
11,228,1546.0
11,229,1478.0
11,230,1532.0
11,231,1643.0
11,232,1684.0
11,233,1645.0
11,234,1831.0
11,235,1973.0
11,236,1565.0
11,237,1429.0
11,238,1145.0
11,239,1290.0
11,240,1079.0
11,241,1119.0
11,242,1070.0
11,243,1014.0
11,244,1047.0
11,245,1217.0
11,246,1184.0
11,247,885.0
11,248,827.0
11,249,1071.0
11,250,1113.0
11,251,1118.0
11,252,1295.0
11,253,1219.0
11,254,978.0
11,255,869.0
11,256,1043.0
11,257,986.0
11,258,1025.0
11,259,982.0
11,260,1090.0
11,261,1017.0
11,262,1265.0
11,263,1109.0
11,264,1032.0
11,265,1043.0
11,266,1129.0
11,267,1090.0
11,268,1156.0
11,269,939.0
11,270,0.0
12,0,774.0
12,1,972.0
12,2,968.0
12,3,1078.0
12,4,1258.0
12,5,1435.0
12,6,1266.0
12,7,1243.0
12,8,1155.0
12,9,1070.0
12,10,1199.0
12,11,1264.0
12,12,1130.0
12,13,1280.0
12,14,938.0
12,15,966.0
12,16,1027.0
12,17,890.0
12,18,912.0
12,19,857.0
12,20,906.0
12,21,831.0
12,22,832.0
12,23,1126.0
12,24,1071.0
12,25,1215.0
12,26,1042.0
12,27,1099.0
12,28,989.0
12,29,931.0
12,30,809.0
12,31,1003.0
12,32,981.0
12,33,781.0
12,34,768.0
12,35,717.0
12,36,814.0
12,37,726.0
12,38,1055.0
12,39,1055.0
12,40,878.0
12,41,855.0
12,42,815.0
12,43,823.0
12,44,894.0
12,45,865.0
12,46,960.0
12,47,733.0
12,48,789.0
12,49,940.0
12,50,901.0
12,51,954.0
12,52,975.0
12,53,992.0
12,54,926.0
12,55,1075.0
12,56,812.0
12,57,781.0
12,58,922.0
12,59,905.0
12,60,1030.0
12,61,987.0
12,62,1141.0
12,63,999.0
12,64,953.0
12,65,998.0
12,66,1022.0
12,67,717.0
12,68,791.0
12,69,193.0
12,70,0.0
12,71,0.0
12,72,0.0
12,73,0.0
12,74,0.0
12,75,215.0
12,76,249.0
12,77,889.0
12,78,832.0
12,79,876.0
12,80,863.0
12,81,850.0
12,82,763.0
12,83,778.0
12,84,983.0
12,85,1014.0
12,86,959.0
12,87,750.0
12,88,834.0
12,89,845.0
12,90,1096.0
12,91,1511.0
12,92,1272.0
12,93,1485.0
12,94,1376.0
12,95,1508.0
12,96,1841.0
12,97,1428.0
12,98,1096.0
12,99,1116.0
12,100,1185.0
12,101,951.0
12,102,1059.0
12,103,1202.0
12,104,1123.0
12,105,1270.0
12,106,1173.0
12,107,1216.0
12,108,1069.0
12,109,1215.0
12,110,894.0
12,111,824.0
12,112,1148.0
12,113,1139.0
12,114,1159.0
12,115,1187.0
12,116,961.0
12,117,908.0
12,118,951.0
12,119,731.0
12,120,746.0
12,121,675.0
12,122,724.0
12,123,666.0
12,124,830.0
12,125,756.0
12,126,1137.0
12,127,861.0
12,128,905.0
12,129,939.0
12,130,1101.0
12,131,929.0
12,132,1021.0
12,133,947.0
12,134,970.0
12,135,941.0
12,136,1092.0
12,137,1023.0
12,138,864.0
12,139,908.0
12,140,962.0
12,141,856.0
12,142,849.0
12,143,803.0
12,144,895.0
12,145,879.0
12,146,761.0
12,147,734.0
12,148,728.0
12,149,699.0
12,150,662.0
12,151,819.0
12,152,1051.0
12,153,955.0
12,154,920.0
12,155,950.0
12,156,723.0
12,157,700.0
12,158,669.0
12,159,766.0
12,160,834.0
12,161,688.0
12,162,850.0
12,163,657.0
12,164,758.0
12,165,737.0
12,166,728.0
12,167,802.0
12,168,691.0
12,169,949.0
12,170,1017.0
12,171,1014.0
12,172,990.0
12,173,932.0
12,174,910.0
12,175,1118.0
12,176,1177.0
12,177,1167.0
12,178,1028.0
12,179,924.0
12,180,823.0
12,181,754.0
12,182,712.0
12,183,840.0
12,184,873.0
12,185,952.0
12,186,963.0
12,187,975.0
12,188,972.0
12,189,1107.0
12,190,1008.0
12,191,1039.0
12,192,1054.0
12,193,1012.0
12,194,900.0
12,195,980.0
12,196,957.0
12,197,1050.0
12,198,1057.0
12,199,845.0
12,200,836.0
12,201,959.0
12,202,988.0
12,203,907.0
12,204,1012.0
12,205,904.0
12,206,1041.0
12,207,852.0
12,208,986.0
12,209,1074.0
12,210,954.0
12,211,1149.0
12,212,1072.0
12,213,970.0
12,214,974.0
12,215,1161.0
12,216,1083.0
12,217,1178.0
12,218,1035.0
12,219,1290.0
12,220,1180.0
12,221,1133.0
12,222,1165.0
12,223,1204.0
12,224,1126.0
12,225,1078.0
12,226,1108.0
12,227,1207.0
12,228,1191.0
12,229,1075.0
12,230,973.0
12,231,1015.0
12,232,1062.0
12,233,1011.0
12,234,1093.0
12,235,1325.0
12,236,1164.0
12,237,1058.0
12,238,1107.0
12,239,1245.0
12,240,1273.0
12,241,1871.0
12,242,1662.0
12,243,1878.0
12,244,1181.0
12,245,466.0
12,246,531.0
12,247,634.0
12,248,568.0
12,249,565.0
12,250,555.0
12,251,619.0
12,252,581.0
12,253,569.0
12,254,474.0
12,255,525.0
12,256,597.0
12,257,581.0
12,258,500.0
12,259,505.0
12,260,584.0
12,261,531.0
12,262,535.0
12,263,476.0
12,264,537.0
12,265,508.0
12,266,633.0
12,267,141.0
13,0,0.0
13,1,0.0
13,2,0.0
13,3,0.0
13,4,0.0
13,5,0.0
13,6,0.0
13,7,0.0
13,8,0.0
13,9,0.0
13,10,0.0
13,11,0.0
13,12,0.0
13,13,0.0
13,14,0.0
13,15,0.0
13,16,0.0
13,17,0.0
13,18,0.0
13,19,0.0
13,20,0.0
13,21,0.0
13,22,0.0
13,23,0.0
13,24,0.0
13,25,0.0
13,26,0.0
13,27,0.0
13,28,0.0
13,29,0.0
13,30,0.0
13,31,0.0
13,32,0.0
13,33,0.0
13,34,0.0
13,35,0.0
13,36,0.0
13,37,0.0
13,38,384.0
13,39,586.0
13,40,490.0
13,41,539.0
13,42,462.0
13,43,529.0
13,44,550.0
13,45,631.0
13,46,446.0
13,47,458.0
13,48,464.0
13,49,568.0
13,50,561.0
13,51,514.0
13,52,534.0
13,53,514.0
13,54,523.0
13,55,611.0
13,56,548.0
13,57,610.0
13,58,555.0
13,59,467.0
13,60,556.0
13,61,609.0
13,62,574.0
13,63,528.0
13,64,441.0
13,65,511.0
13,66,382.0
13,67,559.0
13,68,474.0
13,69,476.0
13,70,373.0
13,71,360.0
13,72,502.0
13,73,461.0
13,74,523.0
13,75,456.0
13,76,439.0
13,77,420.0
13,78,406.0
13,79,469.0
13,80,424.0
13,81,600.0
13,82,747.0
13,83,951.0
13,84,882.0
13,85,904.0
13,86,1034.0
13,87,1041.0
13,88,893.0
13,89,1183.0
13,90,969.0
13,91,1002.0
13,92,1260.0
13,93,913.0
13,94,933.0
13,95,919.0
13,96,1014.0
13,97,858.0
13,98,924.0
13,99,959.0
13,100,1141.0
13,101,956.0
13,102,1070.0
13,103,1056.0
13,104,1152.0
13,105,1064.0
13,106,1063.0
13,107,1016.0
13,108,706.0
13,109,798.0
13,110,680.0
13,111,602.0
13,112,740.0
13,113,644.0
13,114,632.0
13,115,540.0
13,116,642.0
13,117,581.0
13,118,650.0
13,119,832.0
13,120,911.0
13,121,863.0
13,122,895.0
13,123,650.0
13,124,784.0
13,125,666.0
13,126,641.0
13,127,672.0
13,128,663.0
13,129,749.0
13,130,690.0
13,131,591.0
13,132,732.0
13,133,737.0
13,134,676.0
13,135,699.0
13,136,662.0
13,137,693.0
13,138,649.0
13,139,679.0
13,140,669.0
13,141,600.0
13,142,635.0
13,143,702.0
13,144,641.0
13,145,852.0
13,146,846.0
13,147,905.0
13,148,928.0
13,149,868.0
13,150,855.0
13,151,983.0
13,152,922.0
13,153,807.0
13,154,932.0
13,155,877.0
13,156,843.0
13,157,836.0
13,158,757.0
13,159,961.0
13,160,935.0
13,161,936.0
13,162,836.0
13,163,649.0
13,164,737.0
13,165,678.0
13,166,634.0
13,167,709.0
13,168,787.0
13,169,743.0
13,170,683.0
13,171,692.0
13,172,695.0
13,173,395.0
13,174,715.0
13,175,609.0
13,176,757.0
13,177,720.0
13,178,704.0
13,179,643.0
13,180,644.0
13,181,602.0
13,182,875.0
13,183,751.0
13,184,817.0
13,185,742.0
13,186,778.0
13,187,870.0
13,188,812.0
13,189,980.0
13,190,1105.0
13,191,1081.0
13,192,1094.0
13,193,863.0
13,194,907.0
13,195,1054.0
13,196,960.0
13,197,1108.0
13,198,1280.0
13,199,1076.0
13,200,1159.0
13,201,1047.0
13,202,1039.0
13,203,1047.0
13,204,924.0
13,205,887.0
13,206,943.0
13,207,974.0
13,208,782.0
13,209,753.0
13,210,798.0
13,211,824.0
13,212,822.0
13,213,976.0
13,214,967.0
13,215,963.0
13,216,814.0
13,217,824.0
13,218,864.0
13,219,988.0
13,220,1074.0
13,221,1210.0
13,222,1152.0
13,223,1177.0
13,224,879.0
13,225,1119.0
13,226,1126.0
13,227,1309.0
13,228,1009.0
13,229,830.0
13,230,224.0
14,0,0.0
14,1,0.0
14,2,0.0
14,3,0.0
14,4,0.0
14,5,0.0
14,6,0.0
14,7,0.0
14,8,0.0
14,9,0.0
14,10,0.0
14,11,0.0
14,12,0.0
14,13,0.0
14,14,0.0
14,15,0.0
14,16,0.0
14,17,0.0
14,18,0.0
14,19,0.0
14,20,0.0
14,21,0.0
14,22,0.0
14,23,0.0
14,24,0.0
14,25,0.0
14,26,0.0
14,27,0.0
14,28,0.0
14,29,0.0
14,30,0.0
14,31,0.0
14,32,0.0
14,33,0.0
14,34,0.0
14,35,0.0
14,36,0.0
14,37,0.0
14,38,447.0
14,39,449.0
14,40,675.0
14,41,962.0
14,42,1100.0
14,43,1124.0
14,44,1380.0
14,45,1438.0
14,46,1762.0
14,47,1810.0
14,48,1636.0
14,49,1632.0
14,50,1607.0
14,51,1371.0
14,52,1362.0
14,53,1297.0
14,54,1061.0
14,55,1120.0
14,56,1088.0
14,57,1022.0
14,58,1237.0
14,59,1158.0
14,60,1295.0
14,61,1482.0
14,62,1304.0
14,63,1394.0
14,64,1428.0
14,65,1363.0
14,66,1336.0
14,67,1363.0
14,68,1647.0
14,69,1578.0
14,70,1548.0
14,71,1640.0
14,72,1262.0
14,73,1473.0
14,74,1406.0
14,75,1234.0
14,76,1338.0
14,77,1425.0
14,78,1392.0
14,79,1300.0
14,80,1418.0
14,81,984.0
14,82,1058.0
14,83,1078.0
14,84,1096.0
14,85,1001.0
14,86,1113.0
14,87,1007.0
14,88,1087.0
14,89,1169.0
14,90,1319.0
14,91,1297.0
14,92,1212.0
14,93,1069.0
14,94,1005.0
14,95,986.0
14,96,1099.0
14,97,1155.0
14,98,1242.0
14,99,1418.0
14,100,1621.0
14,101,1415.0
14,102,1546.0
14,103,1617.0
14,104,1416.0
14,105,1536.0
14,106,1384.0
14,107,1463.0
14,108,924.0
14,109,597.0
14,110,614.0
14,111,492.0
14,112,606.0
14,113,533.0
14,114,503.0
14,115,458.0
14,116,513.0
14,117,448.0
14,118,579.0
14,119,456.0
14,120,502.0
14,121,444.0
14,122,379.0
14,123,560.0
14,124,528.0
14,125,439.0
14,126,418.0
14,127,438.0
14,128,445.0
14,129,506.0
14,130,581.0
14,131,545.0
14,132,519.0
14,133,537.0
14,134,342.0
14,135,488.0
14,136,480.0
14,137,510.0
14,138,600.0
14,139,539.0
14,140,594.0
14,141,602.0
14,142,482.0
14,143,522.0
14,144,462.0
14,145,483.0
14,146,606.0
14,147,535.0
14,148,486.0
14,149,554.0
14,150,606.0
14,151,579.0
14,152,557.0
14,153,658.0
14,154,577.0
14,155,559.0
14,156,487.0
14,157,557.0
14,158,563.0
14,159,488.0
14,160,449.0
14,161,418.0
14,162,463.0
14,163,507.0
14,164,512.0
14,165,442.0
14,166,344.0
14,167,360.0
14,168,397.0
14,169,455.0
14,170,352.0
14,171,452.0
14,172,433.0
14,173,399.0
14,174,346.0
14,175,436.0
14,176,567.0
14,177,510.0
14,178,498.0
14,179,583.0
14,180,487.0
14,181,478.0
14,182,556.0
14,183,633.0
14,184,503.0
14,185,630.0
14,186,661.0
14,187,460.0
14,188,526.0
14,189,656.0
14,190,625.0
14,191,619.0
14,192,567.0
14,193,542.0
14,194,477.0
14,195,533.0
14,196,564.0
14,197,565.0
14,198,487.0
14,199,566.0
14,200,551.0
14,201,572.0
14,202,529.0
14,203,549.0
14,204,581.0
14,205,500.0
14,206,745.0
14,207,1157.0
14,208,1148.0
14,209,1071.0
14,210,1153.0
14,211,1088.0
14,212,976.0
14,213,1152.0
14,214,524.0
15,0,0.0
15,1,0.0
15,2,0.0
15,3,0.0
15,4,0.0
15,5,0.0
15,6,0.0
15,7,0.0
15,8,0.0
15,9,0.0
15,10,0.0
15,11,0.0
15,12,0.0
15,13,0.0
15,14,0.0
15,15,0.0
15,16,0.0
15,17,0.0
15,18,0.0
15,19,0.0
15,20,0.0
15,21,0.0
15,22,0.0
15,23,0.0
15,24,0.0
15,25,0.0
15,26,0.0
15,27,0.0
15,28,0.0
15,29,0.0
15,30,0.0
15,31,0.0
15,32,0.0
15,33,0.0
15,34,0.0
15,35,0.0
15,36,0.0
15,37,0.0
15,38,0.0
15,39,0.0
15,40,388.0
15,41,171.0
15,42,32.0
15,43,44.0
15,44,221.0
15,45,437.0
15,46,361.0
15,47,372.0
15,48,504.0
15,49,449.0
15,50,561.0
15,51,547.0
15,52,551.0
15,53,564.0
15,54,575.0
15,55,561.0
15,56,573.0
15,57,285.0
15,58,483.0
15,59,536.0
15,60,407.0
15,61,233.0
15,62,554.0
15,63,578.0
15,64,562.0
15,65,237.0
15,66,440.0
15,67,493.0
15,68,470.0
15,69,364.0
15,70,484.0
15,71,424.0
15,72,471.0
15,73,436.0
15,74,474.0
15,75,420.0
15,76,468.0
15,77,523.0
15,78,471.0
15,79,555.0
15,80,483.0
15,81,619.0
15,82,617.0
15,83,553.0
15,84,632.0
15,85,576.0
15,86,469.0
15,87,507.0
15,88,532.0
15,89,672.0
15,90,995.0
15,91,1074.0
15,92,1021.0
15,93,1028.0
15,94,796.0
15,95,959.0
15,96,1007.0
15,97,1010.0
15,98,895.0
15,99,785.0
15,100,999.0
15,101,866.0
15,102,970.0
15,103,913.0
15,104,1070.0
15,105,911.0
15,106,956.0
15,107,848.0
15,108,805.0
15,109,824.0
15,110,939.0
15,111,875.0
15,112,1038.0
15,113,763.0
15,114,863.0
15,115,1111.0
15,116,1052.0
15,117,1104.0
15,118,918.0
15,119,1036.0
15,120,1052.0
15,121,1111.0
15,122,1147.0
15,123,1039.0
15,124,917.0
15,125,1220.0
15,126,1135.0
15,127,1144.0
15,128,1239.0
15,129,973.0
15,130,1149.0
15,131,1170.0
15,132,1100.0
15,133,1109.0
15,134,1325.0
15,135,806.0
15,136,550.0
15,137,704.0
15,138,561.0
15,139,560.0
15,140,662.0
15,141,588.0
15,142,430.0
15,143,593.0
15,144,397.0
15,145,504.0
15,146,525.0
15,147,552.0
15,148,586.0
15,149,622.0
15,150,463.0
15,151,578.0
15,152,457.0
15,153,471.0
15,154,477.0
15,155,558.0
15,156,645.0
15,157,564.0
15,158,539.0
15,159,553.0
15,160,603.0
15,161,582.0
15,162,568.0
15,163,484.0
15,164,556.0
15,165,108.0
15,166,281.0
15,167,549.0
15,168,485.0
15,169,498.0
15,170,513.0
15,171,466.0
15,172,536.0
15,173,464.0
15,174,499.0
15,175,440.0
15,176,642.0
15,177,1153.0
15,178,1198.0
15,179,1095.0
15,180,1100.0
15,181,1217.0
15,182,1067.0
15,183,1132.0
15,184,1113.0
15,185,1203.0
15,186,1101.0
15,187,1137.0
15,188,1017.0
15,189,1007.0
15,190,883.0
15,191,883.0
15,192,948.0
15,193,919.0
15,194,859.0
15,195,822.0
15,196,840.0
15,197,1089.0
15,198,1128.0
15,199,939.0
15,200,872.0
15,201,1084.0
15,202,1069.0
15,203,1147.0
15,204,878.0
15,205,41.0
16,0,575.0
16,1,736.0
16,2,502.0
16,3,645.0
16,4,563.0
16,5,550.0
16,6,650.0
16,7,651.0
16,8,626.0
16,9,581.0
16,10,502.0
16,11,567.0
16,12,500.0
16,13,655.0
16,14,631.0
16,15,450.0
16,16,566.0
16,17,519.0
16,18,629.0
16,19,610.0
16,20,582.0
16,21,510.0
16,22,673.0
16,23,607.0
16,24,556.0
16,25,704.0
16,26,469.0
16,27,565.0
16,28,511.0
16,29,442.0
16,30,494.0
16,31,567.0
16,32,398.0
16,33,357.0
16,34,667.0
16,35,570.0
16,36,303.0
16,37,326.0
16,38,658.0
16,39,610.0
16,40,551.0
16,41,592.0
16,42,963.0
16,43,894.0
16,44,963.0
16,45,1060.0
16,46,1140.0
16,47,1132.0
16,48,1065.0
16,49,1129.0
16,50,1109.0
16,51,1100.0
16,52,1039.0
16,53,1152.0
16,54,1124.0
16,55,1225.0
16,56,1002.0
16,57,693.0
16,58,864.0
16,59,1033.0
16,60,908.0
16,61,1231.0
16,62,1090.0
16,63,1000.0
16,64,1024.0
16,65,573.0
16,66,869.0
16,67,1278.0
16,68,335.0
16,69,378.0
16,70,105.0
16,71,0.0
16,72,0.0
16,73,0.0
16,74,0.0
16,75,0.0
16,76,0.0
16,77,0.0
16,78,0.0
16,79,0.0
16,80,0.0
16,81,0.0
16,82,0.0
16,83,0.0
16,84,0.0
16,85,0.0
16,86,0.0
16,87,0.0
16,88,0.0
16,89,0.0
16,90,0.0
16,91,0.0
16,92,275.0
16,93,542.0
16,94,479.0
16,95,499.0
16,96,645.0
16,97,547.0
16,98,559.0
16,99,565.0
16,100,588.0
16,101,589.0
16,102,570.0
16,103,525.0
16,104,512.0
16,105,502.0
16,106,463.0
16,107,506.0
16,108,624.0
16,109,564.0
16,110,599.0
16,111,571.0
16,112,527.0
16,113,509.0
16,114,572.0
16,115,615.0
16,116,643.0
16,117,553.0
16,118,436.0
16,119,403.0
16,120,431.0
16,121,455.0
16,122,329.0
16,123,326.0
16,124,454.0
16,125,394.0
16,126,382.0
16,127,389.0
16,128,389.0
16,129,437.0
16,130,503.0
16,131,543.0
16,132,505.0
16,133,589.0
16,134,629.0
16,135,650.0
16,136,594.0
16,137,530.0
16,138,490.0
16,139,502.0
16,140,549.0
16,141,506.0
16,142,478.0
16,143,530.0
16,144,476.0
16,145,501.0
16,146,551.0
16,147,500.0
16,148,533.0
16,149,543.0
16,150,636.0
16,151,574.0
16,152,438.0
16,153,400.0
16,154,594.0
16,155,563.0
16,156,527.0
16,157,507.0
16,158,543.0
16,159,558.0
16,160,532.0
16,161,514.0
16,162,668.0
16,163,725.0
16,164,432.0
16,165,594.0
16,166,568.0
16,167,610.0
16,168,599.0
16,169,600.0
16,170,658.0
16,171,656.0
16,172,618.0
16,173,561.0
16,174,626.0
16,175,742.0
16,176,682.0
16,177,645.0
16,178,603.0
16,179,473.0
16,180,44.0
17,0,939.0
17,1,1091.0
17,2,1204.0
17,3,1180.0
17,4,1027.0
17,5,1169.0
17,6,990.0
17,7,1235.0
17,8,1114.0
17,9,1159.0
17,10,1134.0
17,11,1115.0
17,12,1154.0
17,13,1031.0
17,14,895.0
17,15,518.0
17,16,479.0
17,17,652.0
17,18,526.0
17,19,600.0
17,20,612.0
17,21,564.0
17,22,508.0
17,23,586.0
17,24,391.0
17,25,586.0
17,26,502.0
17,27,478.0
17,28,441.0
17,29,479.0
17,30,529.0
17,31,534.0
17,32,496.0
17,33,503.0
17,34,672.0
17,35,653.0
17,36,387.0
17,37,504.0
17,38,482.0
17,39,536.0
17,40,516.0
17,41,505.0
17,42,764.0
17,43,401.0
17,44,182.0
17,45,0.0
17,46,0.0
17,47,0.0
17,48,0.0
17,49,0.0
17,50,535.0
17,51,571.0
17,52,569.0
17,53,619.0
17,54,773.0
17,55,522.0
17,56,462.0
17,57,553.0
17,58,490.0
17,59,526.0
17,60,579.0
17,61,554.0
17,62,548.0
17,63,615.0
17,64,612.0
17,65,572.0
17,66,676.0
17,67,492.0
17,68,590.0
17,69,286.0
17,70,592.0
17,71,539.0
17,72,685.0
17,73,662.0
17,74,596.0
17,75,518.0
17,76,550.0
17,77,497.0
17,78,476.0
17,79,578.0
17,80,570.0
17,81,608.0
17,82,798.0
17,83,655.0
17,84,662.0
17,85,567.0
17,86,568.0
17,87,447.0
17,88,562.0
17,89,338.0
17,90,426.0
17,91,889.0
17,92,1101.0
17,93,1200.0
17,94,1105.0
17,95,1096.0
17,96,1324.0
17,97,1292.0
17,98,1009.0
17,99,1075.0
17,100,843.0
17,101,866.0
17,102,789.0
17,103,761.0
17,104,824.0
17,105,964.0
17,106,962.0
17,107,1063.0
17,108,958.0
17,109,1137.0
17,110,991.0
17,111,1275.0
17,112,1052.0
17,113,1138.0
17,114,986.0
17,115,922.0
17,116,957.0
17,117,959.0
17,118,1037.0
17,119,928.0
17,120,1006.0
17,121,949.0
17,122,994.0
17,123,1153.0
17,124,1169.0
17,125,1050.0
17,126,1306.0
17,127,979.0
17,128,1060.0
17,129,1281.0
17,130,962.0
17,131,1082.0
17,132,1071.0
17,133,1034.0
17,134,877.0
17,135,980.0
17,136,800.0
17,137,749.0
17,138,780.0
17,139,1112.0
17,140,1187.0
17,141,1259.0
17,142,1222.0
17,143,1144.0
17,144,1161.0
17,145,1215.0
17,146,1319.0
17,147,1250.0
17,148,1048.0
17,149,1086.0
17,150,1294.0
17,151,1226.0
17,152,1266.0
17,153,1196.0
17,154,1304.0
17,155,1034.0
17,156,1274.0
17,157,1358.0
17,158,1152.0
17,159,1139.0
17,160,1212.0
17,161,1148.0
17,162,373.0
18,0,998.0
18,1,1090.0
18,2,841.0
18,3,786.0
18,4,921.0
18,5,892.0
18,6,1069.0
18,7,951.0
18,8,798.0
18,9,830.0
18,10,890.0
18,11,989.0
18,12,1062.0
18,13,996.0
18,14,1216.0
18,15,891.0
18,16,1149.0
18,17,1213.0
18,18,944.0
18,19,1064.0
18,20,1154.0
18,21,1052.0
18,22,1018.0
18,23,1028.0
18,24,1109.0
18,25,1062.0
18,26,1203.0
18,27,931.0
18,28,987.0
18,29,677.0
18,30,539.0
18,31,0.0
18,32,0.0
18,33,0.0
18,34,0.0
18,35,0.0
18,36,0.0
18,37,860.0
18,38,1011.0
18,39,995.0
18,40,994.0
18,41,1105.0
18,42,1201.0
18,43,1104.0
18,44,1102.0
18,45,908.0
18,46,1074.0
18,47,918.0
18,48,963.0
18,49,884.0
18,50,814.0
18,51,916.0
18,52,759.0
18,53,618.0
18,54,708.0
18,55,706.0
18,56,826.0
18,57,740.0
18,58,903.0
18,59,946.0
18,60,1095.0
18,61,743.0
18,62,787.0
18,63,831.0
18,64,927.0
18,65,965.0
18,66,1040.0
18,67,990.0
18,68,1069.0
18,69,1043.0
18,70,1131.0
18,71,908.0
18,72,870.0
18,73,797.0
18,74,975.0
18,75,1084.0
18,76,1167.0
18,77,1153.0
18,78,1365.0
18,79,1396.0
18,80,1191.0
18,81,725.0
18,82,831.0
18,83,871.0
18,84,973.0
18,85,950.0
18,86,1052.0
18,87,1146.0
18,88,1106.0
18,89,1000.0
18,90,1128.0
18,91,805.0
18,92,584.0
18,93,484.0
18,94,575.0
18,95,527.0
18,96,562.0
18,97,498.0
18,98,534.0
18,99,487.0
18,100,365.0
18,101,408.0
18,102,439.0
18,103,436.0
18,104,326.0
18,105,550.0
18,106,471.0
18,107,492.0
18,108,494.0
18,109,611.0
18,110,585.0
18,111,476.0
18,112,625.0
18,113,597.0
18,114,574.0
18,115,437.0
18,116,408.0
18,117,504.0
18,118,521.0
18,119,476.0
18,120,555.0
18,121,556.0
18,122,531.0
18,123,469.0
18,124,387.0
18,125,370.0
18,126,355.0
18,127,358.0
18,128,388.0
18,129,376.0
18,130,409.0
18,131,518.0
18,132,778.0
18,133,652.0
18,134,810.0
18,135,905.0
18,136,1031.0
18,137,796.0
18,138,769.0
18,139,803.0
18,140,886.0
18,141,738.0
18,142,855.0
18,143,1096.0
18,144,830.0
18,145,1059.0
18,146,1025.0
18,147,1077.0
18,148,998.0
18,149,1127.0
18,150,1079.0
18,151,855.0
18,152,1023.0
18,153,1094.0
18,154,1235.0
18,155,1120.0
18,156,34.0
19,0,327.0
19,1,516.0
19,2,584.0
19,3,643.0
19,4,601.0
19,5,592.0
19,6,673.0
19,7,562.0
19,8,562.0
19,9,588.0
19,10,625.0
19,11,609.0
19,12,540.0
19,13,553.0
19,14,437.0
19,15,559.0
19,16,608.0
19,17,392.0
19,18,608.0
19,19,612.0
19,20,500.0
19,21,520.0
19,22,587.0
19,23,461.0
19,24,469.0
19,25,556.0
19,26,640.0
19,27,503.0
19,28,543.0
19,29,588.0
19,30,639.0
19,31,631.0
19,32,593.0
19,33,643.0
19,34,575.0
19,35,497.0
19,36,615.0
19,37,565.0
19,38,666.0
19,39,721.0
19,40,960.0
19,41,725.0
19,42,1021.0
19,43,821.0
19,44,729.0
19,45,734.0
19,46,717.0
19,47,875.0
19,48,670.0
19,49,59.0
19,50,0.0
19,51,0.0
19,52,0.0
19,53,0.0
19,54,0.0
19,55,66.0
19,56,275.0
19,57,584.0
19,58,542.0
19,59,659.0
19,60,1045.0
19,61,1101.0
19,62,1093.0
19,63,1001.0
19,64,996.0
19,65,1031.0
19,66,1043.0
19,67,1118.0
19,68,1218.0
19,69,1155.0
19,70,1031.0
19,71,1197.0
19,72,1141.0
19,73,1042.0
19,74,973.0
19,75,937.0
19,76,1043.0
19,77,1174.0
19,78,1068.0
19,79,1254.0
19,80,1029.0
19,81,1174.0
19,82,1254.0
19,83,1152.0
19,84,1124.0
19,85,1221.0
19,86,1088.0
19,87,1134.0
19,88,1079.0
19,89,1000.0
19,90,1115.0
19,91,1241.0
19,92,1124.0
19,93,1156.0
19,94,1088.0
19,95,1240.0
19,96,994.0
19,97,1090.0
19,98,1187.0
19,99,1170.0
19,100,1176.0
19,101,996.0
19,102,1138.0
19,103,1086.0
19,104,1043.0
19,105,1092.0
19,106,1188.0
19,107,1055.0
19,108,1085.0
19,109,1085.0
19,110,883.0
19,111,1091.0
19,112,1140.0
19,113,1097.0
19,114,1101.0
19,115,1106.0
19,116,1292.0
19,117,1157.0
19,118,266.0
2,0,1022.0
2,1,991.0
2,2,1079.0
2,3,1216.0
2,4,1004.0
2,5,1318.0
2,6,1269.0
2,7,960.0
2,8,984.0
2,9,790.0
2,10,689.0
2,11,945.0
2,12,1048.0
2,13,1060.0
2,14,1121.0
2,15,942.0
2,16,1037.0
2,17,1117.0
2,18,1134.0
2,19,1130.0
2,20,1209.0
2,21,1154.0
2,22,830.0
2,23,1085.0
2,24,1052.0
2,25,987.0
2,26,788.0
2,27,697.0
2,28,763.0
2,29,980.0
2,30,937.0
2,31,980.0
2,32,1075.0
2,33,1165.0
2,34,1020.0
2,35,891.0
2,36,1084.0
2,37,986.0
2,38,954.0
2,39,992.0
2,40,1040.0
2,41,1134.0
2,42,899.0
2,43,922.0
2,44,809.0
2,45,839.0
2,46,1073.0
2,47,1135.0
2,48,918.0
2,49,839.0
2,50,1281.0
2,51,985.0
2,52,1022.0
2,53,1189.0
2,54,1262.0
2,55,1130.0
2,56,934.0
2,57,1111.0
2,58,1149.0
2,59,1155.0
2,60,1114.0
2,61,1107.0
2,62,1219.0
2,63,1024.0
2,64,855.0
2,65,819.0
2,66,1114.0
2,67,893.0
2,68,975.0
2,69,816.0
2,70,706.0
2,71,615.0
2,72,905.0
2,73,1036.0
2,74,995.0
2,75,972.0
2,76,1075.0
2,77,919.0
2,78,899.0
2,79,917.0
2,80,945.0
2,81,781.0
2,82,742.0
2,83,972.0
2,84,1131.0
2,85,1139.0
2,86,1226.0
2,87,903.0
2,88,971.0
2,89,859.0
2,90,1193.0
2,91,961.0
2,92,1120.0
2,93,1050.0
2,94,1199.0
2,95,1048.0
2,96,1064.0
2,97,900.0
2,98,927.0
2,99,842.0
2,100,749.0
2,101,770.0
2,102,712.0
2,103,704.0
2,104,677.0
2,105,789.0
2,106,770.0
2,107,908.0
2,108,853.0
2,109,1010.0
2,110,958.0
2,111,786.0
2,112,967.0
2,113,840.0
2,114,729.0
2,115,813.0
2,116,688.0
2,117,798.0
2,118,987.0
2,119,857.0
2,120,841.0
2,121,1074.0
2,122,1032.0
2,123,981.0
2,124,1087.0
2,125,1031.0
2,126,708.0
2,127,907.0
2,128,1017.0
2,129,1139.0
2,130,1157.0
2,131,1123.0
2,132,908.0
2,133,700.0
2,134,452.0
2,135,497.0
2,136,456.0
2,137,451.0
2,138,493.0
2,139,554.0
2,140,540.0
2,141,720.0
2,142,1058.0
2,143,1127.0
2,144,616.0
2,145,422.0
2,146,519.0
2,147,462.0
2,148,598.0
2,149,545.0
2,150,571.0
2,151,469.0
2,152,426.0
2,153,390.0
2,154,364.0
2,155,348.0
2,156,344.0
2,157,388.0
2,158,434.0
2,159,433.0
2,160,520.0
2,161,463.0
2,162,353.0
2,163,739.0
2,164,753.0
2,165,682.0
2,166,773.0
2,167,799.0
2,168,824.0
2,169,952.0
2,170,1167.0
2,171,1218.0
2,172,1157.0
2,173,925.0
2,174,584.0
2,175,677.0
2,176,710.0
2,177,1079.0
2,178,917.0
2,179,292.0
2,180,464.0
2,181,0.0
2,182,0.0
2,183,1547.0
2,184,441.0
2,185,0.0
2,186,0.0
2,187,0.0
2,188,0.0
2,189,0.0
2,190,326.0
2,191,1033.0
2,192,801.0
2,193,1029.0
2,194,1107.0
2,195,804.0
2,196,825.0
2,197,1047.0
2,198,1045.0
2,199,1021.0
2,200,1081.0
2,201,1119.0
2,202,1184.0
2,203,1182.0
2,204,1116.0
2,205,1096.0
2,206,1018.0
2,207,951.0
2,208,822.0
2,209,806.0
2,210,1070.0
2,211,1182.0
2,212,1093.0
2,213,966.0
2,214,988.0
2,215,939.0
2,216,869.0
2,217,1016.0
2,218,891.0
2,219,1249.0
2,220,886.0
2,221,349.0
2,222,342.0
2,223,1111.0
2,224,850.0
2,225,947.0
2,226,955.0
2,227,1378.0
2,228,1359.0
2,229,1414.0
2,230,988.0
2,231,831.0
2,232,745.0
2,233,856.0
2,234,753.0
2,235,796.0
2,236,942.0
2,237,1178.0
2,238,1036.0
2,239,1121.0
2,240,1241.0
2,241,828.0
2,242,1226.0
2,243,1330.0
2,244,1031.0
2,245,1192.0
2,246,911.0
2,247,719.0
2,248,817.0
2,249,849.0
2,250,1000.0
2,251,864.0
2,252,933.0
2,253,819.0
2,254,927.0
2,255,1210.0
2,256,1052.0
2,257,1080.0
2,258,1114.0
2,259,1218.0
2,260,962.0
2,261,1023.0
2,262,653.0
2,263,1142.0
2,264,879.0
2,265,748.0
2,266,1255.0
2,267,938.0
2,268,1067.0
2,269,1218.0
2,270,1141.0
2,271,1047.0
2,272,882.0
2,273,1021.0
2,274,996.0
2,275,847.0
2,276,800.0
2,277,1044.0
2,278,1002.0
2,279,834.0
2,280,739.0
2,281,749.0
2,282,806.0
2,283,739.0
2,284,735.0
2,285,695.0
2,286,881.0
2,287,734.0
2,288,759.0
2,289,879.0
2,290,802.0
2,291,803.0
2,292,746.0
2,293,756.0
2,294,731.0
2,295,808.0
2,296,959.0
2,297,818.0
2,298,910.0
2,299,864.0
2,300,917.0
2,301,856.0
2,302,954.0
2,303,893.0
2,304,922.0
2,305,1023.0
2,306,1057.0
2,307,826.0
2,308,836.0
2,309,768.0
2,310,766.0
2,311,671.0
2,312,721.0
2,313,768.0
2,314,794.0
2,315,758.0
2,316,767.0
2,317,995.0
2,318,848.0
2,319,1180.0
2,320,887.0
2,321,910.0
2,322,986.0
2,323,980.0
2,324,1110.0
2,325,789.0
2,326,744.0
2,327,873.0
2,328,807.0
2,329,776.0
2,330,780.0
2,331,846.0
2,332,935.0
2,333,859.0
2,334,870.0
2,335,720.0
2,336,846.0
2,337,898.0
2,338,962.0
2,339,958.0
2,340,879.0
2,341,872.0
2,342,1021.0
2,343,970.0
2,344,980.0
2,345,996.0
2,346,1085.0
2,347,1081.0
2,348,1055.0
2,349,1051.0
2,350,844.0
2,351,865.0
2,352,953.0
2,353,969.0
2,354,872.0
2,355,1060.0
2,356,973.0
2,357,950.0
2,358,988.0
2,359,803.0
2,360,1049.0
2,361,856.0
2,362,824.0
2,363,800.0
2,364,834.0
2,365,896.0
2,366,821.0
2,367,1353.0
2,368,823.0
2,369,812.0
2,370,573.0
2,371,600.0
2,372,723.0
2,373,690.0
2,374,796.0
2,375,832.0
2,376,678.0
2,377,646.0
2,378,765.0
2,379,685.0
2,380,834.0
2,381,872.0
2,382,826.0
2,383,941.0
2,384,1009.0
2,385,895.0
2,386,659.0
2,387,610.0
2,388,639.0
2,389,579.0
2,390,569.0
2,391,671.0
2,392,831.0
2,393,738.0
2,394,944.0
2,395,872.0
2,396,1004.0
2,397,889.0
2,398,880.0
2,399,767.0
2,400,940.0
2,401,1040.0
2,402,958.0
2,403,1001.0
2,404,978.0
2,405,1156.0
2,406,992.0
2,407,868.0
2,408,972.0
2,409,1115.0
2,410,997.0
2,411,832.0
2,412,973.0
2,413,1194.0
2,414,981.0
2,415,1046.0
2,416,1066.0
2,417,1021.0
2,418,918.0
2,419,799.0
2,420,859.0
2,421,954.0
2,422,889.0
2,423,724.0
2,424,807.0
2,425,773.0
2,426,723.0
2,427,844.0
2,428,722.0
2,429,773.0
2,430,925.0
2,431,920.0
2,432,906.0
2,433,1019.0
2,434,1112.0
2,435,1094.0
2,436,1172.0
2,437,1208.0
2,438,1082.0
2,439,1313.0
2,440,1170.0
2,441,1138.0
2,442,944.0
2,443,1022.0
2,444,1008.0
2,445,935.0
2,446,910.0
2,447,985.0
2,448,986.0
2,449,1043.0
2,450,909.0
2,451,938.0
2,452,886.0
2,453,836.0
2,454,874.0
2,455,1048.0
2,456,1055.0
2,457,960.0
2,458,855.0
2,459,933.0
2,460,922.0
2,461,993.0
2,462,997.0
2,463,1097.0
2,464,1256.0
2,465,1062.0
2,466,1125.0
2,467,1130.0
2,468,1062.0
2,469,1039.0
2,470,1132.0
2,471,1146.0
2,472,1155.0
2,473,1327.0
2,474,1307.0
2,475,1216.0
2,476,1235.0
2,477,1120.0
2,478,1279.0
2,479,1140.0
2,480,1233.0
2,481,1197.0
2,482,1184.0
2,483,1181.0
2,484,1195.0
2,485,1092.0
2,486,164.0
20,0,949.0
20,1,1176.0
20,2,1135.0
20,3,1285.0
20,4,1221.0
20,5,1158.0
20,6,1088.0
20,7,1059.0
20,8,1146.0
20,9,1001.0
20,10,1220.0
20,11,1036.0
20,12,967.0
20,13,927.0
20,14,814.0
20,15,877.0
20,16,814.0
20,17,944.0
20,18,966.0
20,19,967.0
20,20,1028.0
20,21,1020.0
20,22,1041.0
20,23,947.0
20,24,927.0
20,25,1018.0
20,26,968.0
20,27,910.0
20,28,813.0
20,29,917.0
20,30,834.0
20,31,974.0
20,32,1041.0
20,33,1032.0
20,34,1168.0
20,35,1253.0
20,36,1151.0
20,37,1082.0
20,38,1119.0
20,39,1180.0
20,40,1015.0
20,41,1044.0
20,42,968.0
20,43,911.0
20,44,1062.0
20,45,1128.0
20,46,1076.0
20,47,1039.0
20,48,1066.0
20,49,1221.0
20,50,1277.0
20,51,873.0
20,52,402.0
20,53,0.0
20,54,0.0
20,55,0.0
20,56,0.0
20,57,0.0
20,58,216.0
20,59,847.0
20,60,1134.0
20,61,1106.0
20,62,1244.0
20,63,1342.0
20,64,1131.0
20,65,1126.0
20,66,1058.0
20,67,1120.0
20,68,1108.0
20,69,1204.0
20,70,1226.0
20,71,1148.0
20,72,1132.0
20,73,1200.0
20,74,1088.0
20,75,1067.0
20,76,1091.0
20,77,981.0
20,78,1244.0
20,79,1087.0
20,80,1132.0
20,81,1135.0
20,82,1040.0
20,83,1238.0
20,84,1014.0
20,85,1289.0
20,86,1187.0
20,87,1071.0
20,88,1112.0
20,89,1215.0
20,90,1103.0
20,91,1116.0
20,92,1220.0
20,93,1183.0
20,94,1053.0
20,95,1142.0
20,96,1181.0
20,97,1374.0
20,98,1112.0
20,99,1217.0
20,100,1188.0
20,101,1066.0
20,102,1079.0
20,103,1123.0
20,104,1052.0
20,105,1041.0
20,106,926.0
20,107,955.0
20,108,924.0
20,109,1115.0
20,110,1224.0
20,111,1184.0
20,112,1102.0
20,113,1205.0
20,114,1213.0
20,115,1174.0
20,116,908.0
20,117,566.0
20,118,494.0
20,119,643.0
20,120,661.0
20,121,678.0
20,122,498.0
20,123,429.0
20,124,896.0
20,125,1082.0
20,126,0.0
21,0,0.0
21,1,0.0
21,2,0.0
21,3,0.0
21,4,0.0
21,5,0.0
21,6,0.0
21,7,0.0
21,8,0.0
21,9,0.0
21,10,0.0
21,11,0.0
21,12,0.0
21,13,0.0
21,14,0.0
21,15,0.0
21,16,0.0
21,17,0.0
21,18,60.0
21,19,820.0
21,20,450.0
21,21,786.0
21,22,978.0
21,23,0.0
21,24,0.0
21,25,0.0
21,26,0.0
21,27,0.0
21,28,115.0
21,29,387.0
21,30,238.0
21,31,349.0
21,32,445.0
21,33,485.0
21,34,418.0
21,35,351.0
21,36,375.0
21,37,499.0
21,38,513.0
21,39,384.0
21,40,390.0
21,41,365.0
21,42,391.0
21,43,338.0
21,44,357.0
21,45,336.0
21,46,416.0
21,47,332.0
21,48,357.0
21,49,363.0
21,50,391.0
21,51,333.0
21,52,365.0
21,53,481.0
21,54,906.0
21,55,988.0
21,56,857.0
21,57,768.0
21,58,898.0
21,59,1105.0
21,60,1026.0
21,61,1010.0
21,62,887.0
21,63,842.0
21,64,953.0
21,65,1126.0
21,66,963.0
21,67,1255.0
21,68,1077.0
21,69,1023.0
21,70,1152.0
21,71,1263.0
21,72,1260.0
21,73,1166.0
21,74,977.0
21,75,1199.0
21,76,1180.0
21,77,1012.0
21,78,1249.0
21,79,1098.0
21,80,1148.0
21,81,1103.0
21,82,1153.0
21,83,1067.0
21,84,996.0
21,85,1029.0
21,86,1250.0
21,87,1281.0
21,88,1159.0
21,89,1075.0
21,90,586.0
21,91,597.0
21,92,624.0
21,93,613.0
21,94,603.0
21,95,691.0
21,96,131.0
22,0,0.0
22,1,0.0
22,2,0.0
22,3,0.0
22,4,0.0
22,5,0.0
22,6,0.0
22,7,0.0
22,8,0.0
22,9,0.0
22,10,0.0
22,11,0.0
22,12,0.0
22,13,0.0
22,14,0.0
22,15,0.0
22,16,0.0
22,17,0.0
22,18,0.0
22,19,0.0
22,20,0.0
22,21,0.0
22,22,0.0
22,23,0.0
22,24,0.0
22,25,0.0
22,26,0.0
22,27,0.0
22,28,0.0
22,29,0.0
22,30,0.0
22,31,0.0
22,32,339.0
22,33,152.0
22,34,480.0
22,35,540.0
22,36,556.0
22,37,478.0
22,38,569.0
22,39,635.0
22,40,560.0
22,41,302.0
22,42,494.0
22,43,268.0
22,44,581.0
22,45,689.0
22,46,677.0
22,47,622.0
22,48,483.0
22,49,683.0
22,50,539.0
22,51,531.0
22,52,591.0
22,53,582.0
22,54,640.0
22,55,617.0
22,56,534.0
22,57,450.0
22,58,566.0
22,59,506.0
22,60,676.0
22,61,597.0
22,62,625.0
22,63,648.0
22,64,549.0
22,65,603.0
22,66,580.0
22,67,582.0
22,68,615.0
22,69,532.0
22,70,598.0
22,71,679.0
22,72,501.0
22,73,652.0
22,74,660.0
22,75,590.0
22,76,706.0
22,77,503.0
22,78,525.0
22,79,622.0
22,80,517.0
22,81,475.0
22,82,565.0
22,83,593.0
22,84,532.0
22,85,542.0
22,86,599.0
22,87,690.0
22,88,523.0
22,89,696.0
22,90,631.0
22,91,640.0
22,92,568.0
22,93,628.0
22,94,522.0
22,95,641.0
22,96,521.0
22,97,630.0
22,98,563.0
22,99,582.0
22,100,589.0
22,101,597.0
22,102,268.0
3,0,718.0
3,1,890.0
3,2,878.0
3,3,789.0
3,4,830.0
3,5,863.0
3,6,1006.0
3,7,1032.0
3,8,943.0
3,9,1079.0
3,10,994.0
3,11,953.0
3,12,785.0
3,13,809.0
3,14,883.0
3,15,1031.0
3,16,1005.0
3,17,999.0
3,18,1159.0
3,19,1392.0
3,20,1382.0
3,21,1239.0
3,22,1157.0
3,23,1048.0
3,24,1053.0
3,25,1198.0
3,26,1289.0
3,27,1318.0
3,28,1235.0
3,29,1331.0
3,30,1074.0
3,31,1019.0
3,32,1214.0
3,33,995.0
3,34,871.0
3,35,851.0
3,36,890.0
3,37,855.0
3,38,739.0
3,39,926.0
3,40,976.0
3,41,815.0
3,42,797.0
3,43,856.0
3,44,723.0
3,45,880.0
3,46,893.0
3,47,1059.0
3,48,938.0
3,49,896.0
3,50,906.0
3,51,992.0
3,52,927.0
3,53,943.0
3,54,851.0
3,55,901.0
3,56,853.0
3,57,912.0
3,58,791.0
3,59,857.0
3,60,817.0
3,61,908.0
3,62,1016.0
3,63,1027.0
3,64,1061.0
3,65,545.0
3,66,505.0
3,67,488.0
3,68,525.0
3,69,380.0
3,70,370.0
3,71,358.0
3,72,391.0
3,73,497.0
3,74,509.0
3,75,536.0
3,76,547.0
3,77,521.0
3,78,650.0
3,79,472.0
3,80,513.0
3,81,549.0
3,82,514.0
3,83,435.0
3,84,636.0
3,85,527.0
3,86,535.0
3,87,526.0
3,88,430.0
3,89,560.0
3,90,564.0
3,91,481.0
3,92,612.0
3,93,567.0
3,94,551.0
3,95,496.0
3,96,577.0
3,97,541.0
3,98,561.0
3,99,676.0
3,100,556.0
3,101,552.0
3,102,513.0
3,103,597.0
3,104,633.0
3,105,583.0
3,106,537.0
3,107,544.0
3,108,597.0
3,109,568.0
3,110,534.0
3,111,573.0
3,112,537.0
3,113,451.0
3,114,515.0
3,115,477.0
3,116,571.0
3,117,538.0
3,118,496.0
3,119,532.0
3,120,504.0
3,121,414.0
3,122,581.0
3,123,490.0
3,124,528.0
3,125,440.0
3,126,422.0
3,127,511.0
3,128,496.0
3,129,525.0
3,130,472.0
3,131,491.0
3,132,409.0
3,133,541.0
3,134,467.0
3,135,432.0
3,136,423.0
3,137,441.0
3,138,588.0
3,139,475.0
3,140,447.0
3,141,441.0
3,142,603.0
3,143,535.0
3,144,612.0
3,145,464.0
3,146,563.0
3,147,532.0
3,148,483.0
3,149,568.0
3,150,1473.0
3,151,1123.0
3,152,749.0
3,153,787.0
3,154,849.0
3,155,767.0
3,156,861.0
3,157,755.0
3,158,685.0
3,159,723.0
3,160,660.0
3,161,645.0
3,162,746.0
3,163,774.0
3,164,793.0
3,165,670.0
3,166,643.0
3,167,674.0
3,168,606.0
3,169,719.0
3,170,648.0
3,171,657.0
3,172,712.0
3,173,675.0
3,174,792.0
3,175,761.0
3,176,785.0
3,177,665.0
3,178,684.0
3,179,758.0
3,180,568.0
3,181,0.0
3,182,0.0
3,183,0.0
3,184,0.0
3,185,0.0
3,186,0.0
3,187,845.0
3,188,797.0
3,189,669.0
3,190,720.0
3,191,650.0
3,192,703.0
3,193,775.0
3,194,722.0
3,195,793.0
3,196,859.0
3,197,828.0
3,198,858.0
3,199,913.0
3,200,933.0
3,201,824.0
3,202,477.0
3,203,888.0
3,204,863.0
3,205,724.0
3,206,710.0
3,207,629.0
3,208,739.0
3,209,761.0
3,210,828.0
3,211,876.0
3,212,820.0
3,213,807.0
3,214,889.0
3,215,1202.0
3,216,1366.0
3,217,1320.0
3,218,1456.0
3,219,1195.0
3,220,1217.0
3,221,1223.0
3,222,1468.0
3,223,1381.0
3,224,1596.0
3,225,1561.0
3,226,1324.0
3,227,1444.0
3,228,1207.0
3,229,1088.0
3,230,1350.0
3,231,1299.0
3,232,1339.0
3,233,1365.0
3,234,1293.0
3,235,1129.0
3,236,1367.0
3,237,1651.0
3,238,1683.0
3,239,1455.0
3,240,1455.0
3,241,1286.0
3,242,1312.0
3,243,1379.0
3,244,1557.0
3,245,1661.0
3,246,1955.0
3,247,1602.0
3,248,1722.0
3,249,1637.0
3,250,1434.0
3,251,1665.0
3,252,1851.0
3,253,1812.0
3,254,1853.0
3,255,1743.0
3,256,1819.0
3,257,1813.0
3,258,1671.0
3,259,1450.0
3,260,1469.0
3,261,1454.0
3,262,1505.0
3,263,1438.0
3,264,1303.0
3,265,1442.0
3,266,1632.0
3,267,1663.0
3,268,1688.0
3,269,1743.0
3,270,1507.0
3,271,1516.0
3,272,1401.0
3,273,1517.0
3,274,1290.0
3,275,1478.0
3,276,1630.0
3,277,1614.0
3,278,1642.0
3,279,1675.0
3,280,1609.0
3,281,1597.0
3,282,1622.0
3,283,1574.0
3,284,1257.0
3,285,1449.0
3,286,1534.0
3,287,1404.0
3,288,1076.0
3,289,1030.0
3,290,985.0
3,291,1092.0
3,292,1246.0
3,293,1024.0
3,294,1184.0
3,295,1116.0
3,296,1217.0
3,297,1428.0
3,298,1487.0
3,299,1344.0
3,300,1340.0
3,301,1591.0
3,302,1370.0
3,303,1173.0
3,304,1164.0
3,305,1421.0
3,306,1177.0
3,307,1189.0
3,308,1215.0
3,309,1258.0
3,310,1363.0
3,311,1507.0
3,312,1476.0
3,313,1421.0
3,314,1426.0
3,315,1037.0
3,316,895.0
3,317,856.0
3,318,976.0
3,319,952.0
3,320,872.0
3,321,953.0
3,322,823.0
3,323,777.0
3,324,716.0
3,325,596.0
3,326,648.0
3,327,650.0
3,328,673.0
3,329,662.0
3,330,789.0
3,331,527.0
3,332,654.0
3,333,797.0
3,334,861.0
3,335,825.0
3,336,762.0
3,337,839.0
3,338,987.0
3,339,954.0
3,340,1035.0
3,341,1003.0
3,342,918.0
3,343,1061.0
3,344,917.0
3,345,850.0
3,346,767.0
3,347,763.0
3,348,797.0
3,349,747.0
3,350,727.0
3,351,812.0
3,352,827.0
3,353,982.0
3,354,1001.0
3,355,848.0
3,356,914.0
3,357,938.0
3,358,563.0
3,359,426.0
3,360,388.0
3,361,746.0
3,362,970.0
3,363,1066.0
3,364,955.0
3,365,1059.0
3,366,1063.0
3,367,1261.0
3,368,1272.0
3,369,1061.0
3,370,965.0
3,371,1131.0
3,372,1172.0
3,373,1087.0
3,374,1048.0
3,375,1021.0
3,376,930.0
3,377,975.0
3,378,910.0
3,379,953.0
3,380,891.0
3,381,831.0
3,382,874.0
3,383,845.0
3,384,896.0
3,385,1014.0
3,386,973.0
3,387,1272.0
3,388,1099.0
3,389,1316.0
3,390,1145.0
3,391,1053.0
3,392,999.0
3,393,973.0
3,394,1018.0
3,395,753.0
3,396,0.0
4,0,1729.0
4,1,1886.0
4,2,1693.0
4,3,1899.0
4,4,1624.0
4,5,1681.0
4,6,1625.0
4,7,1426.0
4,8,1135.0
4,9,1200.0
4,10,1099.0
4,11,1172.0
4,12,1299.0
4,13,1172.0
4,14,1314.0
4,15,1231.0
4,16,1252.0
4,17,1174.0
4,18,528.0
4,19,1156.0
4,20,1315.0
4,21,941.0
4,22,1008.0
4,23,820.0
4,24,831.0
4,25,866.0
4,26,980.0
4,27,1024.0
4,28,942.0
4,29,910.0
4,30,995.0
4,31,1074.0
4,32,985.0
4,33,973.0
4,34,1034.0
4,35,1014.0
4,36,894.0
4,37,883.0
4,38,825.0
4,39,881.0
4,40,731.0
4,41,995.0
4,42,855.0
4,43,825.0
4,44,1028.0
4,45,971.0
4,46,899.0
4,47,868.0
4,48,1080.0
4,49,1192.0
4,50,1151.0
4,51,1181.0
4,52,1041.0
4,53,899.0
4,54,1224.0
4,55,788.0
4,56,748.0
4,57,781.0
4,58,682.0
4,59,637.0
4,60,757.0
4,61,843.0
4,62,781.0
4,63,764.0
4,64,767.0
4,65,708.0
4,66,783.0
4,67,836.0
4,68,653.0
4,69,565.0
4,70,727.0
4,71,732.0
4,72,770.0
4,73,950.0
4,74,990.0
4,75,1139.0
4,76,1086.0
4,77,1172.0
4,78,998.0
4,79,939.0
4,80,1161.0
4,81,1057.0
4,82,1005.0
4,83,968.0
4,84,998.0
4,85,828.0
4,86,770.0
4,87,712.0
4,88,682.0
4,89,835.0
4,90,682.0
4,91,720.0
4,92,694.0
4,93,732.0
4,94,929.0
4,95,825.0
4,96,893.0
4,97,971.0
4,98,984.0
4,99,477.0
4,100,0.0
4,101,0.0
4,102,0.0
4,103,0.0
4,104,0.0
4,105,696.0
4,106,992.0
4,107,1076.0
4,108,938.0
4,109,1060.0
4,110,1020.0
4,111,973.0
4,112,986.0
4,113,1018.0
4,114,909.0
4,115,1224.0
4,116,968.0
4,117,974.0
4,118,761.0
4,119,612.0
4,120,606.0
4,121,649.0
4,122,748.0
4,123,915.0
4,124,737.0
4,125,722.0
4,126,763.0
4,127,750.0
4,128,737.0
4,129,603.0
4,130,684.0
4,131,650.0
4,132,613.0
4,133,754.0
4,134,687.0
4,135,744.0
4,136,822.0
4,137,858.0
4,138,634.0
4,139,834.0
4,140,729.0
4,141,650.0
4,142,842.0
4,143,920.0
4,144,891.0
4,145,871.0
4,146,893.0
4,147,933.0
4,148,874.0
4,149,935.0
4,150,600.0
4,151,962.0
4,152,919.0
4,153,840.0
4,154,1037.0
4,155,1017.0
4,156,1238.0
4,157,902.0
4,158,1052.0
4,159,879.0
4,160,850.0
4,161,739.0
4,162,845.0
4,163,747.0
4,164,914.0
4,165,975.0
4,166,937.0
4,167,967.0
4,168,1058.0
4,169,826.0
4,170,1025.0
4,171,853.0
4,172,909.0
4,173,817.0
4,174,930.0
4,175,1069.0
4,176,937.0
4,177,981.0
4,178,1057.0
4,179,980.0
4,180,922.0
4,181,833.0
4,182,776.0
4,183,741.0
4,184,759.0
4,185,698.0
4,186,738.0
4,187,697.0
4,188,776.0
4,189,758.0
4,190,899.0
4,191,886.0
4,192,917.0
4,193,770.0
4,194,799.0
4,195,702.0
4,196,819.0
4,197,670.0
4,198,766.0
4,199,1051.0
4,200,961.0
4,201,885.0
4,202,825.0
4,203,832.0
4,204,862.0
4,205,749.0
4,206,985.0
4,207,826.0
4,208,792.0
4,209,731.0
4,210,633.0
4,211,934.0
4,212,1341.0
4,213,1273.0
4,214,1266.0
4,215,1175.0
4,216,1188.0
4,217,1548.0
4,218,1437.0
4,219,1429.0
4,220,1323.0
4,221,1479.0
4,222,1427.0
4,223,1317.0
4,224,1115.0
4,225,1246.0
4,226,1307.0
4,227,1254.0
4,228,1185.0
4,229,1168.0
4,230,1181.0
4,231,1117.0
4,232,891.0
4,233,956.0
4,234,1073.0
4,235,969.0
4,236,959.0
4,237,1138.0
4,238,1199.0
4,239,1363.0
4,240,1271.0
4,241,1228.0
4,242,1235.0
4,243,1312.0
4,244,1356.0
4,245,1307.0
4,246,1276.0
4,247,1394.0
4,248,1285.0
4,249,1349.0
4,250,1261.0
4,251,1079.0
4,252,996.0
4,253,1131.0
4,254,1026.0
4,255,1133.0
4,256,1308.0
4,257,897.0
4,258,925.0
4,259,963.0
4,260,922.0
4,261,752.0
4,262,665.0
4,263,623.0
4,264,588.0
4,265,520.0
4,266,596.0
4,267,710.0
4,268,592.0
4,269,673.0
4,270,645.0
4,271,677.0
4,272,653.0
4,273,651.0
4,274,610.0
4,275,761.0
4,276,736.0
4,277,1011.0
4,278,1276.0
4,279,1497.0
4,280,1341.0
4,281,1513.0
4,282,1512.0
4,283,1518.0
4,284,1385.0
4,285,1295.0
4,286,1287.0
4,287,1191.0
4,288,1350.0
4,289,1331.0
4,290,1311.0
4,291,1212.0
4,292,1345.0
4,293,1545.0
4,294,1479.0
4,295,1257.0
4,296,1300.0
4,297,1563.0
4,298,1273.0
4,299,1398.0
4,300,1235.0
4,301,1164.0
4,302,1354.0
4,303,1179.0
4,304,1472.0
4,305,1579.0
4,306,1484.0
4,307,1532.0
4,308,1492.0
4,309,1548.0
4,310,1451.0
4,311,1310.0
4,312,1245.0
4,313,1195.0
4,314,1093.0
4,315,1090.0
4,316,1035.0
4,317,1123.0
4,318,1215.0
4,319,1333.0
4,320,1375.0
4,321,1191.0
4,322,1174.0
4,323,959.0
4,324,1038.0
4,325,940.0
4,326,1015.0
4,327,1233.0
4,328,1186.0
4,329,1071.0
4,330,1030.0
4,331,1342.0
4,332,1275.0
4,333,1201.0
4,334,1097.0
4,335,1084.0
4,336,1055.0
4,337,1160.0
4,338,1372.0
4,339,1474.0
4,340,1264.0
4,341,1371.0
4,342,1283.0
4,343,1102.0
4,344,1035.0
4,345,1203.0
4,346,1093.0
4,347,1427.0
4,348,1367.0
4,349,1167.0
4,350,1207.0
4,351,1151.0
4,352,904.0
4,353,820.0
4,354,821.0
4,355,722.0
4,356,966.0
4,357,777.0
4,358,705.0
4,359,640.0
4,360,773.0
4,361,758.0
4,362,666.0
4,363,766.0
4,364,905.0
4,365,881.0
4,366,965.0
4,367,925.0
4,368,943.0
4,369,1061.0
4,370,1066.0
4,371,1120.0
4,372,1036.0
4,373,1048.0
4,374,1016.0
4,375,973.0
4,376,969.0
4,377,891.0
4,378,945.0
4,379,907.0
4,380,898.0
4,381,1412.0
4,382,124.0
5,0,1132.0
5,1,1329.0
5,2,1381.0
5,3,1287.0
5,4,1047.0
5,5,1072.0
5,6,1151.0
5,7,1055.0
5,8,918.0
5,9,935.0
5,10,990.0
5,11,982.0
5,12,985.0
5,13,1132.0
5,14,964.0
5,15,980.0
5,16,915.0
5,17,858.0
5,18,954.0
5,19,1008.0
5,20,1054.0
5,21,1156.0
5,22,1001.0
5,23,833.0
5,24,801.0
5,25,791.0
5,26,845.0
5,27,1085.0
5,28,1144.0
5,29,1057.0
5,30,967.0
5,31,991.0
5,32,868.0
5,33,1139.0
5,34,1012.0
5,35,813.0
5,36,718.0
5,37,785.0
5,38,376.0
5,39,362.0
5,40,393.0
5,41,320.0
5,42,330.0
5,43,414.0
5,44,385.0
5,45,371.0
5,46,390.0
5,47,364.0
5,48,368.0
5,49,362.0
5,50,347.0
5,51,360.0
5,52,371.0
5,53,366.0
5,54,373.0
5,55,359.0
5,56,386.0
5,57,386.0
5,58,396.0
5,59,388.0
5,60,408.0
5,61,349.0
5,62,476.0
5,63,551.0
5,64,521.0
5,65,536.0
5,66,483.0
5,67,992.0
5,68,1157.0
5,69,1084.0
5,70,1064.0
5,71,1027.0
5,72,987.0
5,73,863.0
5,74,903.0
5,75,978.0
5,76,1013.0
5,77,1027.0
5,78,910.0
5,79,839.0
5,80,920.0
5,81,939.0
5,82,902.0
5,83,910.0
5,84,920.0
5,85,973.0
5,86,1042.0
5,87,890.0
5,88,905.0
5,89,773.0
5,90,758.0
5,91,616.0
5,92,156.0
5,93,0.0
5,94,0.0
5,95,0.0
5,96,0.0
5,97,0.0
5,98,29.0
5,99,724.0
5,100,845.0
5,101,338.0
5,102,395.0
5,103,392.0
5,104,479.0
5,105,409.0
5,106,476.0
5,107,602.0
5,108,496.0
5,109,470.0
5,110,555.0
5,111,559.0
5,112,550.0
5,113,539.0
5,114,487.0
5,115,478.0
5,116,490.0
5,117,447.0
5,118,469.0
5,119,473.0
5,120,378.0
5,121,462.0
5,122,584.0
5,123,454.0
5,124,412.0
5,125,375.0
5,126,435.0
5,127,490.0
5,128,421.0
5,129,376.0
5,130,426.0
5,131,538.0
5,132,444.0
5,133,440.0
5,134,475.0
5,135,630.0
5,136,456.0
5,137,388.0
5,138,44.0
5,139,62.0
5,140,78.0
5,141,317.0
5,142,636.0
5,143,556.0
5,144,516.0
5,145,521.0
5,146,572.0
5,147,527.0
5,148,458.0
5,149,428.0
5,150,484.0
5,151,529.0
5,152,577.0
5,153,436.0
5,154,482.0
5,155,446.0
5,156,509.0
5,157,450.0
5,158,475.0
5,159,524.0
5,160,455.0
5,161,382.0
5,162,455.0
5,163,452.0
5,164,433.0
5,165,377.0
5,166,384.0
5,167,279.0
5,168,353.0
5,169,334.0
5,170,325.0
5,171,342.0
5,172,420.0
5,173,401.0
5,174,462.0
5,175,386.0
5,176,414.0
5,177,347.0
5,178,365.0
5,179,404.0
5,180,453.0
5,181,461.0
5,182,396.0
5,183,289.0
5,184,396.0
5,185,416.0
5,186,408.0
5,187,409.0
5,188,424.0
5,189,460.0
5,190,418.0
5,191,496.0
5,192,494.0
5,193,359.0
5,194,400.0
5,195,347.0
5,196,412.0
5,197,314.0
5,198,341.0
5,199,470.0
5,200,343.0
5,201,377.0
5,202,336.0
5,203,380.0
5,204,409.0
5,205,364.0
5,206,374.0
5,207,349.0
5,208,344.0
5,209,321.0
5,210,337.0
5,211,361.0
5,212,370.0
5,213,442.0
5,214,386.0
5,215,420.0
5,216,374.0
5,217,485.0
5,218,490.0
5,219,343.0
5,220,392.0
5,221,358.0
5,222,483.0
5,223,456.0
5,224,515.0
5,225,479.0
5,226,437.0
5,227,421.0
5,228,471.0
5,229,459.0
5,230,439.0
5,231,495.0
5,232,477.0
5,233,344.0
5,234,378.0
5,235,382.0
5,236,408.0
5,237,376.0
5,238,425.0
5,239,395.0
5,240,392.0
5,241,342.0
5,242,399.0
5,243,466.0
5,244,470.0
5,245,402.0
5,246,575.0
5,247,512.0
5,248,587.0
5,249,925.0
5,250,1198.0
5,251,1602.0
5,252,1681.0
5,253,880.0
5,254,974.0
5,255,836.0
5,256,921.0
5,257,759.0
5,258,898.0
5,259,872.0
5,260,922.0
5,261,1066.0
5,262,1100.0
5,263,1256.0
5,264,1043.0
5,265,1164.0
5,266,1360.0
5,267,1177.0
5,268,923.0
5,269,1267.0
5,270,1062.0
5,271,1109.0
5,272,1022.0
5,273,1215.0
5,274,1068.0
5,275,1148.0
5,276,1083.0
5,277,1106.0
5,278,1096.0
5,279,1057.0
5,280,1207.0
5,281,1373.0
5,282,1769.0
5,283,1595.0
5,284,1622.0
5,285,1542.0
5,286,1396.0
5,287,1373.0
5,288,1241.0
5,289,1303.0
5,290,1449.0
5,291,1431.0
5,292,1492.0
5,293,1422.0
5,294,1306.0
5,295,1313.0
5,296,1481.0
5,297,1736.0
5,298,1724.0
5,299,1914.0
5,300,1719.0
5,301,1766.0
5,302,1434.0
5,303,1400.0
5,304,1373.0
5,305,1541.0
5,306,1542.0
5,307,1664.0
5,308,1666.0
5,309,1442.0
5,310,1274.0
5,311,1436.0
5,312,1441.0
5,313,1626.0
5,314,1482.0
5,315,1587.0
5,316,1391.0
5,317,1589.0
5,318,1672.0
5,319,1678.0
5,320,1468.0
5,321,1303.0
5,322,1056.0
5,323,1279.0
5,324,1240.0
5,325,1378.0
5,326,1300.0
5,327,1116.0
5,328,1227.0
5,329,1187.0
5,330,1124.0
5,331,1332.0
5,332,1274.0
5,333,1394.0
5,334,1425.0
5,335,1732.0
5,336,1691.0
5,337,1584.0
5,338,1898.0
5,339,1736.0
5,340,1566.0
5,341,1661.0
5,342,1625.0
5,343,1873.0
5,344,1858.0
5,345,1659.0
5,346,1720.0
5,347,1548.0
5,348,1658.0
5,349,1698.0
5,350,1623.0
5,351,1569.0
5,352,1721.0
5,353,1776.0
5,354,1141.0
5,355,1793.0
5,356,1507.0
5,357,1820.0
5,358,1559.0
5,359,1550.0
5,360,1642.0
5,361,745.0
6,0,839.0
6,1,1052.0
6,2,1064.0
6,3,1130.0
6,4,1114.0
6,5,1131.0
6,6,1065.0
6,7,1167.0
6,8,1023.0
6,9,1145.0
6,10,1044.0
6,11,1172.0
6,12,1032.0
6,13,1328.0
6,14,1064.0
6,15,1061.0
6,16,888.0
6,17,877.0
6,18,920.0
6,19,978.0
6,20,980.0
6,21,1000.0
6,22,1107.0
6,23,989.0
6,24,455.0
6,25,510.0
6,26,874.0
6,27,906.0
6,28,1095.0
6,29,1228.0
6,30,1121.0
6,31,1160.0
6,32,1253.0
6,33,1156.0
6,34,1515.0
6,35,1550.0
6,36,1725.0
6,37,1367.0
6,38,1314.0
6,39,1423.0
6,40,1709.0
6,41,1410.0
6,42,1516.0
6,43,1443.0
6,44,1373.0
6,45,1240.0
6,46,1317.0
6,47,1346.0
6,48,1028.0
6,49,1057.0
6,50,1143.0
6,51,1070.0
6,52,1034.0
6,53,784.0
6,54,993.0
6,55,960.0
6,56,989.0
6,57,1055.0
6,58,913.0
6,59,1145.0
6,60,1059.0
6,61,1205.0
6,62,1166.0
6,63,1108.0
6,64,979.0
6,65,994.0
6,66,1241.0
6,67,1246.0
6,68,1173.0
6,69,1102.0
6,70,1283.0
6,71,1037.0
6,72,1084.0
6,73,1232.0
6,74,1149.0
6,75,1268.0
6,76,1146.0
6,77,945.0
6,78,1267.0
6,79,1095.0
6,80,1300.0
6,81,1169.0
6,82,1049.0
6,83,1116.0
6,84,1162.0
6,85,1203.0
6,86,1291.0
6,87,1326.0
6,88,1147.0
6,89,1010.0
6,90,767.0
6,91,1044.0
6,92,917.0
6,93,899.0
6,94,999.0
6,95,789.0
6,96,750.0
6,97,658.0
6,98,761.0
6,99,805.0
6,100,701.0
6,101,891.0
6,102,930.0
6,103,849.0
6,104,990.0
6,105,1191.0
6,106,1009.0
6,107,904.0
6,108,722.0
6,109,811.0
6,110,779.0
6,111,673.0
6,112,824.0
6,113,874.0
6,114,1561.0
6,115,1002.0
6,116,678.0
6,117,369.0
6,118,0.0
6,119,0.0
6,120,0.0
6,121,0.0
6,122,0.0
6,123,106.0
6,124,605.0
6,125,756.0
6,126,654.0
6,127,766.0
6,128,818.0
6,129,816.0
6,130,703.0
6,131,582.0
6,132,661.0
6,133,707.0
6,134,633.0
6,135,635.0
6,136,633.0
6,137,664.0
6,138,693.0
6,139,700.0
6,140,710.0
6,141,735.0
6,142,905.0
6,143,919.0
6,144,746.0
6,145,690.0
6,146,884.0
6,147,964.0
6,148,1020.0
6,149,997.0
6,150,845.0
6,151,934.0
6,152,949.0
6,153,910.0
6,154,808.0
6,155,767.0
6,156,798.0
6,157,761.0
6,158,852.0
6,159,789.0
6,160,882.0
6,161,800.0
6,162,817.0
6,163,680.0
6,164,798.0
6,165,865.0
6,166,843.0
6,167,892.0
6,168,842.0
6,169,905.0
6,170,894.0
6,171,949.0
6,172,977.0
6,173,870.0
6,174,956.0
6,175,946.0
6,176,973.0
6,177,992.0
6,178,911.0
6,179,1002.0
6,180,1043.0
6,181,1078.0
6,182,922.0
6,183,926.0
6,184,788.0
6,185,708.0
6,186,669.0
6,187,777.0
6,188,738.0
6,189,801.0
6,190,801.0
6,191,537.0
6,192,658.0
6,193,808.0
6,194,950.0
6,195,851.0
6,196,722.0
6,197,825.0
6,198,819.0
6,199,952.0
6,200,848.0
6,201,920.0
6,202,642.0
6,203,778.0
6,204,671.0
6,205,729.0
6,206,642.0
6,207,715.0
6,208,773.0
6,209,832.0
6,210,952.0
6,211,1081.0
6,212,979.0
6,213,954.0
6,214,1105.0
6,215,940.0
6,216,1084.0
6,217,1022.0
6,218,975.0
6,219,1016.0
6,220,1068.0
6,221,1034.0
6,222,953.0
6,223,970.0
6,224,1002.0
6,225,863.0
6,226,730.0
6,227,801.0
6,228,888.0
6,229,806.0
6,230,662.0
6,231,678.0
6,232,878.0
6,233,896.0
6,234,878.0
6,235,953.0
6,236,989.0
6,237,934.0
6,238,933.0
6,239,878.0
6,240,791.0
6,241,686.0
6,242,745.0
6,243,828.0
6,244,759.0
6,245,833.0
6,246,776.0
6,247,763.0
6,248,762.0
6,249,832.0
6,250,914.0
6,251,919.0
6,252,922.0
6,253,771.0
6,254,807.0
6,255,845.0
6,256,726.0
6,257,828.0
6,258,756.0
6,259,863.0
6,260,836.0
6,261,888.0
6,262,956.0
6,263,912.0
6,264,950.0
6,265,851.0
6,266,913.0
6,267,936.0
6,268,1073.0
6,269,1023.0
6,270,1012.0
6,271,794.0
6,272,932.0
6,273,1120.0
6,274,1058.0
6,275,1032.0
6,276,1200.0
6,277,1013.0
6,278,1027.0
6,279,991.0
6,280,807.0
6,281,764.0
6,282,754.0
6,283,652.0
6,284,873.0
6,285,809.0
6,286,1006.0
6,287,1111.0
6,288,1076.0
6,289,989.0
6,290,813.0
6,291,870.0
6,292,910.0
6,293,871.0
6,294,807.0
6,295,900.0
6,296,931.0
6,297,1096.0
6,298,942.0
6,299,1028.0
6,300,1061.0
6,301,1253.0
6,302,1109.0
6,303,1018.0
6,304,1041.0
6,305,911.0
6,306,812.0
6,307,721.0
6,308,507.0
6,309,506.0
6,310,543.0
6,311,509.0
6,312,535.0
6,313,586.0
6,314,509.0
6,315,500.0
6,316,579.0
6,317,578.0
6,318,626.0
6,319,450.0
6,320,593.0
6,321,461.0
6,322,484.0
6,323,536.0
6,324,580.0
6,325,521.0
6,326,436.0
6,327,469.0
6,328,583.0
6,329,493.0
6,330,442.0
6,331,412.0
6,332,523.0
6,333,533.0
6,334,557.0
6,335,539.0
6,336,459.0
6,337,605.0
6,338,563.0
6,339,512.0
6,340,561.0
6,341,523.0
6,342,17.0
7,0,447.0
7,1,659.0
7,2,539.0
7,3,596.0
7,4,598.0
7,5,581.0
7,6,572.0
7,7,496.0
7,8,615.0
7,9,675.0
7,10,598.0
7,11,563.0
7,12,603.0
7,13,632.0
7,14,423.0
7,15,396.0
7,16,450.0
7,17,469.0
7,18,336.0
7,19,387.0
7,20,397.0
7,21,454.0
7,22,395.0
7,23,358.0
7,24,425.0
7,25,456.0
7,26,371.0
7,27,383.0
7,28,414.0
7,29,325.0
7,30,395.0
7,31,384.0
7,32,371.0
7,33,415.0
7,34,433.0
7,35,422.0
7,36,438.0
7,37,387.0
7,38,372.0
7,39,401.0
7,40,451.0
7,41,454.0
7,42,467.0
7,43,475.0
7,44,524.0
7,45,503.0
7,46,484.0
7,47,442.0
7,48,518.0
7,49,536.0
7,50,533.0
7,51,748.0
7,52,1085.0
7,53,964.0
7,54,1149.0
7,55,1066.0
7,56,980.0
7,57,1130.0
7,58,1125.0
7,59,1036.0
7,60,1131.0
7,61,1190.0
7,62,1019.0
7,63,907.0
7,64,950.0
7,65,973.0
7,66,926.0
7,67,1063.0
7,68,1066.0
7,69,985.0
7,70,969.0
7,71,977.0
7,72,1104.0
7,73,1210.0
7,74,1043.0
7,75,783.0
7,76,894.0
7,77,944.0
7,78,898.0
7,79,995.0
7,80,849.0
7,81,899.0
7,82,967.0
7,83,903.0
7,84,1012.0
7,85,1027.0
7,86,1028.0
7,87,1099.0
7,88,1275.0
7,89,1160.0
7,90,1188.0
7,91,1122.0
7,92,966.0
7,93,951.0
7,94,1103.0
7,95,1270.0
7,96,1022.0
7,97,881.0
7,98,752.0
7,99,825.0
7,100,860.0
7,101,1211.0
7,102,1190.0
7,103,942.0
7,104,976.0
7,105,830.0
7,106,835.0
7,107,798.0
7,108,743.0
7,109,902.0
7,110,1094.0
7,111,1061.0
7,112,1098.0
7,113,839.0
7,114,817.0
7,115,781.0
7,116,13.0
7,117,0.0
7,118,0.0
7,119,0.0
7,120,0.0
7,121,0.0
7,122,46.0
7,123,315.0
7,124,241.0
7,125,537.0
7,126,772.0
7,127,871.0
7,128,766.0
7,129,927.0
7,130,846.0
7,131,1125.0
7,132,1066.0
7,133,1071.0
7,134,1263.0
7,135,988.0
7,136,1250.0
7,137,1166.0
7,138,1094.0
7,139,972.0
7,140,1115.0
7,141,1216.0
7,142,1221.0
7,143,973.0
7,144,878.0
7,145,736.0
7,146,1210.0
7,147,1298.0
7,148,591.0
7,149,143.0
7,150,1042.0
7,151,1072.0
7,152,852.0
7,153,841.0
7,154,1039.0
7,155,977.0
7,156,896.0
7,157,716.0
7,158,831.0
7,159,897.0
7,160,1176.0
7,161,1135.0
7,162,1239.0
7,163,778.0
7,164,829.0
7,165,688.0
7,166,721.0
7,167,654.0
7,168,737.0
7,169,727.0
7,170,836.0
7,171,639.0
7,172,800.0
7,173,913.0
7,174,806.0
7,175,779.0
7,176,753.0
7,177,688.0
7,178,787.0
7,179,888.0
7,180,884.0
7,181,908.0
7,182,918.0
7,183,765.0
7,184,874.0
7,185,823.0
7,186,777.0
7,187,955.0
7,188,844.0
7,189,903.0
7,190,942.0
7,191,945.0
7,192,957.0
7,193,964.0
7,194,895.0
7,195,1051.0
7,196,1192.0
7,197,1286.0
7,198,1085.0
7,199,1104.0
7,200,1137.0
7,201,1086.0
7,202,1155.0
7,203,1306.0
7,204,737.0
7,205,936.0
7,206,853.0
7,207,970.0
7,208,1034.0
7,209,1038.0
7,210,1174.0
7,211,1132.0
7,212,1043.0
7,213,989.0
7,214,859.0
7,215,1042.0
7,216,1028.0
7,217,713.0
7,218,659.0
7,219,798.0
7,220,856.0
7,221,814.0
7,222,882.0
7,223,900.0
7,224,1002.0
7,225,810.0
7,226,731.0
7,227,760.0
7,228,711.0
7,229,814.0
7,230,808.0
7,231,790.0
7,232,917.0
7,233,976.0
7,234,806.0
7,235,817.0
7,236,759.0
7,237,680.0
7,238,718.0
7,239,724.0
7,240,710.0
7,241,847.0
7,242,859.0
7,243,765.0
7,244,805.0
7,245,858.0
7,246,883.0
7,247,900.0
7,248,782.0
7,249,894.0
7,250,665.0
7,251,646.0
7,252,779.0
7,253,984.0
7,254,1075.0
7,255,1106.0
7,256,1018.0
7,257,1029.0
7,258,1074.0
7,259,1101.0
7,260,844.0
7,261,1091.0
7,262,1044.0
7,263,1160.0
7,264,1174.0
7,265,1065.0
7,266,904.0
7,267,1010.0
7,268,1113.0
7,269,1063.0
7,270,1097.0
7,271,1028.0
7,272,825.0
7,273,743.0
7,274,1003.0
7,275,978.0
7,276,1136.0
7,277,947.0
7,278,1117.0
7,279,1184.0
7,280,1006.0
7,281,978.0
7,282,1026.0
7,283,998.0
7,284,989.0
7,285,1073.0
7,286,634.0
7,287,648.0
7,288,888.0
7,289,880.0
7,290,748.0
7,291,838.0
7,292,753.0
7,293,768.0
7,294,917.0
7,295,907.0
7,296,988.0
7,297,1179.0
7,298,1086.0
7,299,938.0
7,300,1169.0
7,301,1197.0
7,302,1180.0
7,303,1003.0
7,304,1115.0
7,305,915.0
7,306,1031.0
7,307,939.0
7,308,897.0
7,309,1110.0
7,310,1212.0
7,311,1153.0
7,312,1128.0
7,313,953.0
7,314,1213.0
7,315,1410.0
7,316,1242.0
7,317,1137.0
7,318,283.0
8,0,711.0
8,1,1244.0
8,2,1102.0
8,3,1205.0
8,4,1246.0
8,5,888.0
8,6,928.0
8,7,729.0
8,8,829.0
8,9,920.0
8,10,905.0
8,11,902.0
8,12,1059.0
8,13,1110.0
8,14,416.0
8,15,310.0
8,16,927.0
8,17,1083.0
8,18,1120.0
8,19,1107.0
8,20,1210.0
8,21,1029.0
8,22,1132.0
8,23,1022.0
8,24,820.0
8,25,1060.0
8,26,892.0
8,27,859.0
8,28,757.0
8,29,827.0
8,30,887.0
8,31,841.0
8,32,685.0
8,33,824.0
8,34,900.0
8,35,897.0
8,36,1024.0
8,37,1073.0
8,38,1188.0
8,39,916.0
8,40,1143.0
8,41,1167.0
8,42,1109.0
8,43,1096.0
8,44,1266.0
8,45,1218.0
8,46,1196.0
8,47,1031.0
8,48,886.0
8,49,1020.0
8,50,1066.0
8,51,995.0
8,52,1167.0
8,53,981.0
8,54,1055.0
8,55,1209.0
8,56,1070.0
8,57,970.0
8,58,1005.0
8,59,1034.0
8,60,1086.0
8,61,969.0
8,62,981.0
8,63,844.0
8,64,865.0
8,65,868.0
8,66,1037.0
8,67,1088.0
8,68,843.0
8,69,843.0
8,70,830.0
8,71,961.0
8,72,943.0
8,73,954.0
8,74,1192.0
8,75,1270.0
8,76,1087.0
8,77,1005.0
8,78,738.0
8,79,849.0
8,80,938.0
8,81,972.0
8,82,1121.0
8,83,1053.0
8,84,1177.0
8,85,1095.0
8,86,804.0
8,87,123.0
8,88,0.0
8,89,0.0
8,90,0.0
8,91,0.0
8,92,0.0
8,93,61.0
8,94,188.0
8,95,973.0
8,96,901.0
8,97,983.0
8,98,1069.0
8,99,1063.0
8,100,880.0
8,101,830.0
8,102,731.0
8,103,720.0
8,104,915.0
8,105,872.0
8,106,983.0
8,107,961.0
8,108,961.0
8,109,949.0
8,110,1140.0
8,111,1010.0
8,112,968.0
8,113,1011.0
8,114,1049.0
8,115,941.0
8,116,990.0
8,117,969.0
8,118,956.0
8,119,805.0
8,120,896.0
8,121,771.0
8,122,1085.0
8,123,957.0
8,124,938.0
8,125,886.0
8,126,861.0
8,127,866.0
8,128,892.0
8,129,761.0
8,130,685.0
8,131,400.0
8,132,532.0
8,133,526.0
8,134,472.0
8,135,437.0
8,136,502.0
8,137,468.0
8,138,436.0
8,139,465.0
8,140,392.0
8,141,525.0
8,142,468.0
8,143,513.0
8,144,495.0
8,145,554.0
8,146,515.0
8,147,512.0
8,148,534.0
8,149,516.0
8,150,904.0
8,151,850.0
8,152,812.0
8,153,675.0
8,154,759.0
8,155,841.0
8,156,708.0
8,157,700.0
8,158,754.0
8,159,785.0
8,160,874.0
8,161,942.0
8,162,975.0
8,163,1031.0
8,164,946.0
8,165,859.0
8,166,622.0
8,167,648.0
8,168,738.0
8,169,748.0
8,170,734.0
8,171,798.0
8,172,900.0
8,173,664.0
8,174,820.0
8,175,920.0
8,176,707.0
8,177,792.0
8,178,779.0
8,179,715.0
8,180,795.0
8,181,795.0
8,182,906.0
8,183,819.0
8,184,782.0
8,185,864.0
8,186,884.0
8,187,836.0
8,188,856.0
8,189,955.0
8,190,1002.0
8,191,1027.0
8,192,1090.0
8,193,889.0
8,194,1037.0
8,195,852.0
8,196,1042.0
8,197,973.0
8,198,1125.0
8,199,853.0
8,200,700.0
8,201,910.0
8,202,916.0
8,203,1116.0
8,204,1090.0
8,205,1006.0
8,206,905.0
8,207,1193.0
8,208,995.0
8,209,858.0
8,210,888.0
8,211,882.0
8,212,714.0
8,213,889.0
8,214,937.0
8,215,894.0
8,216,813.0
8,217,784.0
8,218,820.0
8,219,851.0
8,220,853.0
8,221,864.0
8,222,713.0
8,223,695.0
8,224,617.0
8,225,692.0
8,226,646.0
8,227,642.0
8,228,596.0
8,229,633.0
8,230,645.0
8,231,737.0
8,232,792.0
8,233,807.0
8,234,954.0
8,235,924.0
8,236,955.0
8,237,1154.0
8,238,938.0
8,239,950.0
8,240,946.0
8,241,895.0
8,242,875.0
8,243,907.0
8,244,847.0
8,245,955.0
8,246,864.0
8,247,1232.0
8,248,1124.0
8,249,1226.0
8,250,1149.0
8,251,1151.0
8,252,1025.0
8,253,1177.0
8,254,1002.0
8,255,1004.0
8,256,1036.0
8,257,1113.0
8,258,1040.0
8,259,1050.0
8,260,973.0
8,261,1030.0
8,262,1133.0
8,263,1066.0
8,264,939.0
8,265,1022.0
8,266,1136.0
8,267,1017.0
8,268,1214.0
8,269,1183.0
8,270,979.0
8,271,1102.0
8,272,1151.0
8,273,1017.0
8,274,967.0
8,275,770.0
8,276,949.0
8,277,898.0
8,278,1045.0
8,279,1287.0
8,280,1278.0
8,281,1193.0
8,282,1059.0
8,283,983.0
8,284,1290.0
8,285,1063.0
8,286,1460.0
8,287,1232.0
8,288,1255.0
8,289,1152.0
8,290,628.0
8,291,1182.0
8,292,664.0
9,0,917.0
9,1,1148.0
9,2,1023.0
9,3,1036.0
9,4,1062.0
9,5,1042.0
9,6,802.0
9,7,1033.0
9,8,941.0
9,9,1011.0
9,10,932.0
9,11,910.0
9,12,963.0
9,13,1016.0
9,14,956.0
9,15,867.0
9,16,891.0
9,17,955.0
9,18,769.0
9,19,730.0
9,20,517.0
9,21,333.0
9,22,390.0
9,23,351.0
9,24,322.0
9,25,429.0
9,26,394.0
9,27,512.0
9,28,482.0
9,29,458.0
9,30,464.0
9,31,436.0
9,32,656.0
9,33,536.0
9,34,421.0
9,35,525.0
9,36,476.0
9,37,519.0
9,38,576.0
9,39,431.0
9,40,490.0
9,41,459.0
9,42,398.0
9,43,445.0
9,44,491.0
9,45,390.0
9,46,376.0
9,47,414.0
9,48,435.0
9,49,345.0
9,50,365.0
9,51,389.0
9,52,386.0
9,53,546.0
9,54,465.0
9,55,780.0
9,56,826.0
9,57,761.0
9,58,751.0
9,59,758.0
9,60,695.0
9,61,681.0
9,62,679.0
9,63,790.0
9,64,940.0
9,65,1061.0
9,66,1198.0
9,67,1106.0
9,68,1149.0
9,69,1295.0
9,70,1051.0
9,71,1227.0
9,72,1087.0
9,73,1191.0
9,74,955.0
9,75,1161.0
9,76,1203.0
9,77,715.0
9,78,283.0
9,79,68.0
9,80,170.0
9,81,322.0
9,82,90.0
9,83,128.0
9,84,149.0
9,85,80.0
9,86,228.0
9,87,426.0
9,88,291.0
9,89,124.0
9,90,210.0
9,91,162.0
9,92,96.0
9,93,144.0
9,94,110.0
9,95,0.0
9,96,0.0
9,97,0.0
9,98,0.0
9,99,0.0
9,100,0.0
9,101,0.0
9,102,0.0
9,103,0.0
9,104,0.0
9,105,0.0
9,106,0.0
9,107,0.0
9,108,0.0
9,109,0.0
9,110,0.0
9,111,0.0
9,112,0.0
9,113,0.0
9,114,0.0
9,115,0.0
9,116,0.0
9,117,0.0
9,118,0.0
9,119,0.0
9,120,0.0
9,121,0.0
9,122,0.0
9,123,0.0
9,124,0.0
9,125,0.0
9,126,0.0
9,127,0.0
9,128,0.0
9,129,0.0
9,130,4.0
9,131,104.0
9,132,604.0
9,133,332.0
9,134,284.0
9,135,207.0
9,136,1224.0
9,137,286.0
9,138,403.0
9,139,428.0
9,140,48.0
9,141,287.0
9,142,965.0
9,143,1033.0
9,144,955.0
9,145,880.0
9,146,908.0
9,147,854.0
9,148,988.0
9,149,996.0
9,150,1028.0
9,151,820.0
9,152,650.0
9,153,788.0
9,154,890.0
9,155,972.0
9,156,882.0
9,157,976.0
9,158,1025.0
9,159,745.0
9,160,1043.0
9,161,1044.0
9,162,837.0
9,163,936.0
9,164,1049.0
9,165,876.0
9,166,721.0
9,167,894.0
9,168,994.0
9,169,897.0
9,170,930.0
9,171,1037.0
9,172,1019.0
9,173,1171.0
9,174,911.0
9,175,1055.0
9,176,896.0
9,177,1015.0
9,178,1033.0
9,179,993.0
9,180,1051.0
9,181,1051.0
9,182,1045.0
9,183,1072.0
9,184,1108.0
9,185,710.0
9,186,1029.0
9,187,1182.0
9,188,1085.0
9,189,1130.0
9,190,971.0
9,191,1224.0
9,192,1135.0
9,193,1067.0
9,194,918.0
9,195,1121.0
9,196,1081.0
9,197,984.0
9,198,967.0
9,199,903.0
9,200,1056.0
9,201,1060.0
9,202,1148.0
9,203,1266.0
9,204,979.0
9,205,909.0
9,206,998.0
9,207,917.0
9,208,954.0
9,209,801.0
9,210,697.0
9,211,714.0
9,212,736.0
9,213,777.0
9,214,838.0
9,215,1082.0
9,216,774.0
9,217,897.0
9,218,943.0
9,219,1071.0
9,220,1136.0
9,221,1153.0
9,222,1055.0
9,223,1039.0
9,224,1178.0
9,225,1178.0
9,226,822.0
9,227,847.0
9,228,1029.0
9,229,1147.0
9,230,1017.0
9,231,1000.0
9,232,1154.0
9,233,1249.0
9,234,1173.0
9,235,1148.0
9,236,947.0
9,237,937.0
9,238,1062.0
9,239,1003.0
9,240,984.0
9,241,900.0
9,242,808.0
9,243,945.0
9,244,1034.0
9,245,1165.0
9,246,1091.0
9,247,954.0
9,248,1103.0
9,249,1096.0
9,250,1085.0
9,251,1097.0
9,252,1122.0
9,253,1097.0
9,254,1193.0
9,255,1092.0
9,256,1012.0
9,257,1079.0
9,258,1218.0
9,259,1130.0
9,260,1086.0
9,261,1240.0
9,262,1162.0
9,263,1198.0
9,264,1114.0
9,265,1202.0
9,266,726.0
9,267,1131.0
9,268,1190.0
9,269,1136.0
9,270,1161.0
9,271,1258.0
9,272,1194.0
9,273,1302.0
9,274,1122.0
9,275,1422.0
9,276,1151.0
9,277,1172.0
9,278,1200.0
9,279,1207.0
9,280,1120.0
9,281,1202.0
9,282,216.0
X,0,353.0
X,1,556.0
X,2,279.0
X,3,514.0
X,4,563.0
X,5,545.0
X,6,569.0
X,7,439.0
X,8,422.0
X,9,394.0
X,10,427.0
X,11,525.0
X,12,588.0
X,13,1080.0
X,14,1100.0
X,15,871.0
X,16,640.0
X,17,456.0
X,18,609.0
X,19,642.0
X,20,502.0
X,21,430.0
X,22,542.0
X,23,478.0
X,24,553.0
X,25,459.0
X,26,520.0
X,27,491.0
X,28,479.0
X,29,461.0
X,30,427.0
X,31,431.0
X,32,458.0
X,33,572.0
X,34,536.0
X,35,536.0
X,36,486.0
X,37,514.0
X,38,493.0
X,39,511.0
X,40,584.0
X,41,473.0
X,42,480.0
X,43,416.0
X,44,507.0
X,45,455.0
X,46,458.0
X,47,509.0
X,48,477.0
X,49,484.0
X,50,462.0
X,51,426.0
X,52,397.0
X,53,343.0
X,54,387.0
X,55,406.0
X,56,380.0
X,57,332.0
X,58,349.0
X,59,412.0
X,60,368.0
X,61,415.0
X,62,483.0
X,63,442.0
X,64,352.0
X,65,383.0
X,66,380.0
X,67,388.0
X,68,399.0
X,69,424.0
X,70,465.0
X,71,403.0
X,72,380.0
X,73,421.0
X,74,406.0
X,75,487.0
X,76,444.0
X,77,467.0
X,78,630.0
X,79,673.0
X,80,630.0
X,81,492.0
X,82,517.0
X,83,482.0
X,84,515.0
X,85,436.0
X,86,479.0
X,87,551.0
X,88,519.0
X,89,456.0
X,90,452.0
X,91,454.0
X,92,501.0
X,93,586.0
X,94,569.0
X,95,484.0
X,96,487.0
X,97,643.0
X,98,395.0
X,99,577.0
X,100,498.0
X,101,543.0
X,102,412.0
X,103,430.0
X,104,88.0
X,105,302.0
X,106,618.0
X,107,532.0
X,108,524.0
X,109,527.0
X,110,461.0
X,111,533.0
X,112,444.0
X,113,522.0
X,114,494.0
X,115,491.0
X,116,120.0
X,117,10.0
X,118,0.0
X,119,0.0
X,120,0.0
X,121,0.0
X,122,0.0
X,123,67.0
X,124,299.0
X,125,430.0
X,126,475.0
X,127,503.0
X,128,479.0
X,129,450.0
X,130,593.0
X,131,409.0
X,132,438.0
X,133,450.0
X,134,506.0
X,135,526.0
X,136,616.0
X,137,539.0
X,138,510.0
X,139,500.0
X,140,548.0
X,141,431.0
X,142,623.0
X,143,452.0
X,144,332.0
X,145,512.0
X,146,438.0
X,147,484.0
X,148,382.0
X,149,479.0
X,150,551.0
X,151,442.0
X,152,517.0
X,153,442.0
X,154,521.0
X,155,400.0
X,156,514.0
X,157,332.0
X,158,435.0
X,159,408.0
X,160,437.0
X,161,338.0
X,162,421.0
X,163,402.0
X,164,398.0
X,165,494.0
X,166,369.0
X,167,392.0
X,168,439.0
X,169,363.0
X,170,445.0
X,171,423.0
X,172,443.0
X,173,383.0
X,174,378.0
X,175,370.0
X,176,395.0
X,177,312.0
X,178,371.0
X,179,327.0
X,180,376.0
X,181,404.0
X,182,323.0
X,183,325.0
X,184,361.0
X,185,417.0
X,186,435.0
X,187,372.0
X,188,365.0
X,189,418.0
X,190,416.0
X,191,469.0
X,192,356.0
X,193,483.0
X,194,460.0
X,195,473.0
X,196,416.0
X,197,380.0
X,198,445.0
X,199,553.0
X,200,547.0
X,201,423.0
X,202,386.0
X,203,276.0
X,204,498.0
X,205,490.0
X,206,473.0
X,207,448.0
X,208,421.0
X,209,410.0
X,210,439.0
X,211,425.0
X,212,447.0
X,213,555.0
X,214,527.0
X,215,476.0
X,216,428.0
X,217,456.0
X,218,473.0
X,219,412.0
X,220,490.0
X,221,461.0
X,222,461.0
X,223,460.0
X,224,520.0
X,225,380.0
X,226,411.0
X,227,302.0
X,228,415.0
X,229,493.0
X,230,445.0
X,231,336.0
X,232,447.0
X,233,505.0
X,234,401.0
X,235,440.0
X,236,545.0
X,237,553.0
X,238,457.0
X,239,502.0
X,240,361.0
X,241,396.0
X,242,422.0
X,243,424.0
X,244,521.0
X,245,440.0
X,246,560.0
X,247,450.0
X,248,474.0
X,249,416.0
X,250,396.0
X,251,390.0
X,252,408.0
X,253,357.0
X,254,351.0
X,255,428.0
X,256,454.0
X,257,634.0
X,258,521.0
X,259,530.0
X,260,490.0
X,261,466.0
X,262,503.0
X,263,493.0
X,264,568.0
X,265,507.0
X,266,486.0
X,267,499.0
X,268,503.0
X,269,439.0
X,270,468.0
X,271,504.0
X,272,611.0
X,273,506.0
X,274,477.0
X,275,456.0
X,276,485.0
X,277,420.0
X,278,433.0
X,279,440.0
X,280,436.0
X,281,347.0
X,282,431.0
X,283,426.0
X,284,403.0
X,285,447.0
X,286,353.0
X,287,349.0
X,288,458.0
X,289,483.0
X,290,493.0
X,291,345.0
X,292,406.0
X,293,421.0
X,294,512.0
X,295,562.0
X,296,466.0
X,297,367.0
X,298,494.0
X,299,635.0
X,300,505.0
X,301,532.0
X,302,429.0
X,303,399.0
X,304,359.0
X,305,530.0
X,306,469.0
X,307,517.0
X,308,514.0
X,309,365.0
X,310,277.0
Y,0,0.0
Y,1,0.0
Y,2,0.0
Y,3,0.0
Y,4,0.0
Y,5,2.0
Y,6,2.0
Y,7,14.0
Y,8,4.0
Y,9,4.0
Y,10,11.0
Y,11,3.0
Y,12,11.0
Y,13,2.0
Y,14,0.0
Y,15,12.0
Y,16,2.0
Y,17,7.0
Y,18,4.0
Y,19,144.0
Y,20,87.0
Y,21,0.0
Y,22,0.0
Y,23,0.0
Y,24,0.0
Y,25,0.0
Y,26,706.0
Y,27,78.0
Y,28,10.0
Y,29,2.0
Y,30,5.0
Y,31,6.0
Y,32,4.0
Y,33,5.0
Y,34,1.0
Y,35,14.0
Y,36,0.0
Y,37,3.0
Y,38,4.0
Y,39,0.0
Y,40,0.0
Y,41,0.0
Y,42,2.0
Y,43,7.0
Y,44,4.0
Y,45,8.0
Y,46,0.0
Y,47,0.0
Y,48,1.0
Y,49,0.0
Y,50,0.0
Y,51,0.0
Y,52,0.0
Y,53,0.0
Y,54,0.0
Y,55,0.0
Y,56,0.0
Y,57,43.0
Y,58,0.0
Y,59,0.0
Y,60,0.0
Y,61,0.0
Y,62,0.0
Y,63,0.0
Y,64,0.0
Y,65,0.0
Y,66,0.0
Y,67,0.0
Y,68,0.0
Y,69,0.0
Y,70,0.0
Y,71,0.0
Y,72,0.0
Y,73,0.0
Y,74,0.0
Y,75,0.0
Y,76,0.0
Y,77,0.0
Y,78,0.0
Y,79,0.0
Y,80,0.0
Y,81,0.0
Y,82,0.0
Y,83,0.0
Y,84,0.0
Y,85,0.0
Y,86,0.0
Y,87,0.0
Y,88,0.0
Y,89,0.0
Y,90,0.0
Y,91,0.0
Y,92,0.0
Y,93,0.0
Y,94,0.0
Y,95,0.0
Y,96,0.0
Y,97,0.0
Y,98,0.0
Y,99,0.0
Y,100,0.0
Y,101,0.0
Y,102,0.0
Y,103,0.0
Y,104,0.0
Y,105,0.0
Y,106,0.0
Y,107,0.0
Y,108,0.0
Y,109,0.0
Y,110,0.0
Y,111,0.0
Y,112,0.0
Y,113,0.0
Y,114,0.0
Y,115,0.0
Y,116,0.0
Y,117,464.0
Y,118,207.0
